Software Version,3.09.07,,,,,,,,,,,,,,,,,,,,,,,,,,,,,,,,,,,,,,,,,,,,,,,,,,,,,,,,,,,,,,,,,,,,,,,,,,,,,,,,,,,,,,,,,,,,,,,,,
,,,,,,,,,,,,,,,,,,,,,,,,,,,,,,,,,,,,,,,,,,,,,,,,,,,,,,,,,,,,,,,,,,,,,,,,,,,,,,,,,,,,,,,,,,,,,,,,,,
Experiment File Path:,,,,,,,,,,,,,,,,,,,,,,,,,,,,,,,,,,,,,,,,,,,,,,,,,,,,,,,,,,,,,,,,,,,,,,,,,,,,,,,,,,,,,,,,,,,,,,,,,,
Protocol File Path:,C:\Users\saulb-lab\Desktop\GEN5 Data\Protocols\Adi\pBS401_pathogen filtrate_081122.prt,,,,,,,,,,,,,,,,,,,,,,,,,,,,,,,,,,,,,,,,,,,,,,,,,,,,,,,,,,,,,,,,,,,,,,,,,,,,,,,,,,,,,,,,,,,,,,,,,
Plate Number,Plate 1,,,,,,,,,,,,,,,,,,,,,,,,,,,,,,,,,,,,,,,,,,,,,,,,,,,,,,,,,,,,,,,,,,,,,,,,,,,,,,,,,,,,,,,,,,,,,,,,,
Date,06/12/2022,,,,,,,,,,,,,,,,,,,,,,,,,,,,,,,,,,,,,,,,,,,,,,,,,,,,,,,,,,,,,,,,,,,,,,,,,,,,,,,,,,,,,,,,,,,,,,,,,
Time,12:08:29 PM,,,,,,,,,,,,,,,,,,,,,,,,,,,,,,,,,,,,,,,,,,,,,,,,,,,,,,,,,,,,,,,,,,,,,,,,,,,,,,,,,,,,,,,,,,,,,,,,,
Reader Type:,Synergy HTX,,,,,,,,,,,,,,,,,,,,,,,,,,,,,,,,,,,,,,,,,,,,,,,,,,,,,,,,,,,,,,,,,,,,,,,,,,,,,,,,,,,,,,,,,,,,,,,,,
Reader Serial Number:,200514B,,,,,,,,,,,,,,,,,,,,,,,,,,,,,,,,,,,,,,,,,,,,,,,,,,,,,,,,,,,,,,,,,,,,,,,,,,,,,,,,,,,,,,,,,,,,,,,,,
Reading Type,Reader,,,,,,,,,,,,,,,,,,,,,,,,,,,,,,,,,,,,,,,,,,,,,,,,,,,,,,,,,,,,,,,,,,,,,,,,,,,,,,,,,,,,,,,,,,,,,,,,,
,,,,,,,,,,,,,,,,,,,,,,,,,,,,,,,,,,,,,,,,,,,,,,,,,,,,,,,,,,,,,,,,,,,,,,,,,,,,,,,,,,,,,,,,,,,,,,,,,,
Procedure Details,,,,,,,,,,,,,,,,,,,,,,,,,,,,,,,,,,,,,,,,,,,,,,,,,,,,,,,,,,,,,,,,,,,,,,,,,,,,,,,,,,,,,,,,,,,,,,,,,,
Plate Type,Corning 96 well flat bottom (Use plate lid),,,,,,,,,,,,,,,,,,,,,,,,,,,,,,,,,,,,,,,,,,,,,,,,,,,,,,,,,,,,,,,,,,,,,,,,,,,,,,,,,,,,,,,,,,,,,,,,,
Eject plate on completion,,,,,,,,,,,,,,,,,,,,,,,,,,,,,,,,,,,,,,,,,,,,,,,,,,,,,,,,,,,,,,,,,,,,,,,,,,,,,,,,,,,,,,,,,,,,,,,,,,
Set Temperature,"Setpoint 37°C, Gradient 0 °C",,,,,,,,,,,,,,,,,,,,,,,,,,,,,,,,,,,,,,,,,,,,,,,,,,,,,,,,,,,,,,,,,,,,,,,,,,,,,,,,,,,,,,,,,,,,,,,,,
,Preheat before moving to next step,,,,,,,,,,,,,,,,,,,,,,,,,,,,,,,,,,,,,,,,,,,,,,,,,,,,,,,,,,,,,,,,,,,,,,,,,,,,,,,,,,,,,,,,,,,,,,,,,
Start Kinetic,"Runtime 24:00:00 (HH:MM:SS), Interval 0:30:00, 49 Reads",,,,,,,,,,,,,,,,,,,,,,,,,,,,,,,,,,,,,,,,,,,,,,,,,,,,,,,,,,,,,,,,,,,,,,,,,,,,,,,,,,,,,,,,,,,,,,,,,
    Shake,Linear: 0:05 (MM:SS),,,,,,,,,,,,,,,,,,,,,,,,,,,,,,,,,,,,,,,,,,,,,,,,,,,,,,,,,,,,,,,,,,,,,,,,,,,,,,,,,,,,,,,,,,,,,,,,,
,Frequency: 567 cpm (3 mm),,,,,,,,,,,,,,,,,,,,,,,,,,,,,,,,,,,,,,,,,,,,,,,,,,,,,,,,,,,,,,,,,,,,,,,,,,,,,,,,,,,,,,,,,,,,,,,,,
    Read,Absorbance Endpoint,,,,,,,,,,,,,,,,,,,,,,,,,,,,,,,,,,,,,,,,,,,,,,,,,,,,,,,,,,,,,,,,,,,,,,,,,,,,,,,,,,,,,,,,,,,,,,,,,
,Full Plate,,,,,,,,,,,,,,,,,,,,,,,,,,,,,,,,,,,,,,,,,,,,,,,,,,,,,,,,,,,,,,,,,,,,,,,,,,,,,,,,,,,,,,,,,,,,,,,,,
,Wavelengths:  600,,,,,,,,,,,,,,,,,,,,,,,,,,,,,,,,,,,,,,,,,,,,,,,,,,,,,,,,,,,,,,,,,,,,,,,,,,,,,,,,,,,,,,,,,,,,,,,,,
,"Read Speed: Normal,  Delay: 100 msec,  Measurements/Data Point: 8",,,,,,,,,,,,,,,,,,,,,,,,,,,,,,,,,,,,,,,,,,,,,,,,,,,,,,,,,,,,,,,,,,,,,,,,,,,,,,,,,,,,,,,,,,,,,,,,,
    Read,Luminescence Endpoint,,,,,,,,,,,,,,,,,,,,,,,,,,,,,,,,,,,,,,,,,,,,,,,,,,,,,,,,,,,,,,,,,,,,,,,,,,,,,,,,,,,,,,,,,,,,,,,,,
,Full Plate,,,,,,,,,,,,,,,,,,,,,,,,,,,,,,,,,,,,,,,,,,,,,,,,,,,,,,,,,,,,,,,,,,,,,,,,,,,,,,,,,,,,,,,,,,,,,,,,,
,Integration Time: 0:01.00 (MM:SS.ss),,,,,,,,,,,,,,,,,,,,,,,,,,,,,,,,,,,,,,,,,,,,,,,,,,,,,,,,,,,,,,,,,,,,,,,,,,,,,,,,,,,,,,,,,,,,,,,,,
,Filter Set 1,,,,,,,,,,,,,,,,,,,,,,,,,,,,,,,,,,,,,,,,,,,,,,,,,,,,,,,,,,,,,,,,,,,,,,,,,,,,,,,,,,,,,,,,,,,,,,,,,
,    Emission: Hole,,,,,,,,,,,,,,,,,,,,,,,,,,,,,,,,,,,,,,,,,,,,,,,,,,,,,,,,,,,,,,,,,,,,,,,,,,,,,,,,,,,,,,,,,,,,,,,,,
,"    Optics: Top,  Gain: 100",,,,,,,,,,,,,,,,,,,,,,,,,,,,,,,,,,,,,,,,,,,,,,,,,,,,,,,,,,,,,,,,,,,,,,,,,,,,,,,,,,,,,,,,,,,,,,,,,
,"Read Speed: Normal,  Delay: 100 msec",,,,,,,,,,,,,,,,,,,,,,,,,,,,,,,,,,,,,,,,,,,,,,,,,,,,,,,,,,,,,,,,,,,,,,,,,,,,,,,,,,,,,,,,,,,,,,,,,
,Extended Dynamic Range,,,,,,,,,,,,,,,,,,,,,,,,,,,,,,,,,,,,,,,,,,,,,,,,,,,,,,,,,,,,,,,,,,,,,,,,,,,,,,,,,,,,,,,,,,,,,,,,,
,Read Height: 4.5 mm,,,,,,,,,,,,,,,,,,,,,,,,,,,,,,,,,,,,,,,,,,,,,,,,,,,,,,,,,,,,,,,,,,,,,,,,,,,,,,,,,,,,,,,,,,,,,,,,,
End Kinetic,,,,,,,,,,,,,,,,,,,,,,,,,,,,,,,,,,,,,,,,,,,,,,,,,,,,,,,,,,,,,,,,,,,,,,,,,,,,,,,,,,,,,,,,,,,,,,,,,,
,,,,,,,,,,,,,,,,,,,,,,,,,,,,,,,,,,,,,,,,,,,,,,,,,,,,,,,,,,,,,,,,,,,,,,,,,,,,,,,,,,,,,,,,,,,,,,,,,,
Layout,,,,,,,,,,,,,,,,,,,,,,,,,,,,,,,,,,,,,,,,,,,,,,,,,,,,,,,,,,,,,,,,,,,,,,,,,,,,,,,,,,,,,,,,,,,,,,,,,,
,,,,,,,,,,,,,,,,,,,,,,,,,,,,,,,,,,,,,,,,,,,,,,,,,,,,,,,,,,,,,,,,,,,,,,,,,,,,,,,,,,,,,,,,,,,,,,,,,,
,,1,2,3,4,5,6,7,8,9,10,11,12,,,,,,,,,,,,,,,,,,,,,,,,,,,,,,,,,,,,,,,,,,,,,,,,,,,,,,,,,,,,,,,,,,,,,,,,,,,,,,,,,,,,,
,A,SPL1,SPL9,SPL17,SPL25,SPL33,SPL41,SPL49,SPL57,SPL65,SPL73,SPL81,SPL89,Well ID,,,,,,,,,,,,,,,,,,,,,,,,,,,,,,,,,,,,,,,,,,,,,,,,,,,,,,,,,,,,,,,,,,,,,,,,,,,,,,,,,,,,
,B,SPL2,SPL10,SPL18,SPL26,SPL34,SPL42,SPL50,SPL58,SPL66,SPL74,SPL82,SPL90,Well ID,,,,,,,,,,,,,,,,,,,,,,,,,,,,,,,,,,,,,,,,,,,,,,,,,,,,,,,,,,,,,,,,,,,,,,,,,,,,,,,,,,,,
,C,SPL3,SPL11,SPL19,SPL27,SPL35,SPL43,SPL51,SPL59,SPL67,SPL75,SPL83,SPL91,Well ID,,,,,,,,,,,,,,,,,,,,,,,,,,,,,,,,,,,,,,,,,,,,,,,,,,,,,,,,,,,,,,,,,,,,,,,,,,,,,,,,,,,,
,D,SPL4,SPL12,SPL20,SPL28,SPL36,SPL44,SPL52,SPL60,SPL68,SPL76,SPL84,SPL92,Well ID,,,,,,,,,,,,,,,,,,,,,,,,,,,,,,,,,,,,,,,,,,,,,,,,,,,,,,,,,,,,,,,,,,,,,,,,,,,,,,,,,,,,
,E,SPL5,SPL13,SPL21,SPL29,SPL37,SPL45,SPL53,SPL61,SPL69,SPL77,SPL85,SPL93,Well ID,,,,,,,,,,,,,,,,,,,,,,,,,,,,,,,,,,,,,,,,,,,,,,,,,,,,,,,,,,,,,,,,,,,,,,,,,,,,,,,,,,,,
,F,SPL6,SPL14,SPL22,SPL30,SPL38,SPL46,SPL54,SPL62,SPL70,SPL78,SPL86,SPL94,Well ID,,,,,,,,,,,,,,,,,,,,,,,,,,,,,,,,,,,,,,,,,,,,,,,,,,,,,,,,,,,,,,,,,,,,,,,,,,,,,,,,,,,,
,G,SPL7,SPL15,SPL23,SPL31,SPL39,SPL47,SPL55,SPL63,SPL71,SPL79,SPL87,SPL95,Well ID,,,,,,,,,,,,,,,,,,,,,,,,,,,,,,,,,,,,,,,,,,,,,,,,,,,,,,,,,,,,,,,,,,,,,,,,,,,,,,,,,,,,
,H,SPL8,SPL16,SPL24,SPL32,SPL40,SPL48,SPL56,SPL64,SPL72,SPL80,SPL88,SPL96,Well ID,,,,,,,,,,,,,,,,,,,,,,,,,,,,,,,,,,,,,,,,,,,,,,,,,,,,,,,,,,,,,,,,,,,,,,,,,,,,,,,,,,,,
,,,,,,,,,,,,,,,,,,,,,,,,,,,,,,,,,,,,,,,,,,,,,,,,,,,,,,,,,,,,,,,,,,,,,,,,,,,,,,,,,,,,,,,,,,,,,,,,,,
Read 1:600,,,,,,,,,,,,,,,,,,,,,,,,,,,,,,,,,,,,,,,,,,,,,,,,,,,,,,,,,,,,,,,,,,,,,,,,,,,,,,,,,,,,,,,,,,,,,,,,,,
,,,,,,,,,,,,,,,,,,,,,,,,,,,,,,,,,,,,,,,,,,,,,,,,,,,,,,,,,,,,,,,,,,,,,,,,,,,,,,,,,,,,,,,,,,,,,,,,,,
,Time,T Read 1:600,A1,A2,A3,A4,A5,A6,A7,A8,A9,A10,A11,A12,B1,B2,B3,B4,B5,B6,B7,B8,B9,B10,B11,B12,C1,C2,C3,C4,C5,C6,C7,C8,C9,C10,C11,C12,D1,D2,D3,D4,D5,D6,D7,D8,D9,D10,D11,D12,E1,E2,E3,E4,E5,E6,E7,E8,E9,E10,E11,E12,F1,F2,F3,F4,F5,F6,F7,F8,F9,F10,F11,F12,G1,G2,G3,G4,G5,G6,G7,G8,G9,G10,G11,G12,H1,H2,H3,H4,H5,H6,H7,H8,H9,H10,H11,H12
,0:00:09,36.9,0.099,0.095,0.095,0.096,0.097,0.096,0.097,0.1,0.097,0.096,0.095,0.094,0.096,0.099,0.097,0.097,0.094,0.093,0.095,0.094,0.094,0.095,0.098,0.095,0.096,0.097,0.1,0.096,0.095,0.098,0.093,0.094,0.097,0.097,0.095,0.094,0.096,0.097,0.099,0.098,0.094,0.092,0.093,0.093,0.099,0.098,0.094,0.095,0.102,0.099,0.099,0.1,0.096,0.094,0.095,0.095,0.095,0.096,0.094,0.095,0.097,0.098,0.096,0.098,0.097,0.096,0.095,0.094,0.095,0.095,0.093,0.095,0.098,0.097,0.099,0.102,0.095,0.096,0.099,0.095,0.095,0.096,0.096,0.095,0.096,0.097,0.096,0.096,0.095,0.095,0.095,0.096,0.1,0.095,0.094,0.094
,0:30:09,37,0.099,0.095,0.095,0.096,0.097,0.096,0.097,0.1,0.097,0.096,0.095,0.094,0.096,0.101,0.1,0.097,0.095,0.094,0.095,0.093,0.094,0.096,0.099,0.094,0.096,0.097,0.099,0.096,0.094,0.098,0.093,0.094,0.097,0.098,0.096,0.094,0.096,0.097,0.098,0.097,0.094,0.092,0.092,0.093,0.099,0.099,0.095,0.094,0.102,0.099,0.098,0.099,0.096,0.093,0.095,0.095,0.095,0.097,0.094,0.094,0.096,0.097,0.096,0.099,0.098,0.096,0.095,0.094,0.094,0.096,0.095,0.095,0.098,0.098,0.098,0.102,0.095,0.096,0.097,0.095,0.094,0.095,0.098,0.094,0.095,0.097,0.096,0.096,0.095,0.095,0.095,0.095,0.1,0.096,0.094,0.093
,1:00:09,37,0.098,0.094,0.095,0.096,0.096,0.095,0.097,0.1,0.096,0.095,0.095,0.094,0.096,0.101,0.1,0.097,0.095,0.094,0.095,0.093,0.094,0.099,0.102,0.094,0.096,0.097,0.098,0.095,0.094,0.097,0.093,0.093,0.099,0.1,0.099,0.093,0.097,0.097,0.098,0.097,0.093,0.092,0.092,0.093,0.099,0.102,0.098,0.094,0.102,0.099,0.098,0.099,0.095,0.093,0.094,0.095,0.095,0.1,0.097,0.094,0.096,0.097,0.096,0.099,0.097,0.095,0.095,0.094,0.094,0.099,0.098,0.094,0.098,0.098,0.097,0.102,0.094,0.096,0.097,0.095,0.094,0.098,0.101,0.094,0.095,0.097,0.096,0.096,0.095,0.095,0.095,0.095,0.1,0.096,0.093,0.093
,1:30:09,37,0.098,0.095,0.095,0.096,0.097,0.096,0.098,0.1,0.096,0.096,0.094,0.094,0.096,0.101,0.101,0.098,0.095,0.094,0.095,0.093,0.094,0.104,0.108,0.094,0.096,0.097,0.098,0.096,0.095,0.098,0.094,0.094,0.098,0.107,0.105,0.094,0.096,0.098,0.098,0.098,0.094,0.093,0.093,0.093,0.099,0.108,0.104,0.094,0.102,0.099,0.098,0.099,0.096,0.093,0.095,0.095,0.095,0.106,0.104,0.095,0.096,0.098,0.097,0.099,0.098,0.096,0.095,0.094,0.094,0.105,0.104,0.094,0.098,0.098,0.097,0.102,0.095,0.096,0.098,0.095,0.094,0.104,0.106,0.094,0.096,0.096,0.096,0.096,0.095,0.095,0.095,0.095,0.1,0.096,0.093,0.093
,2:00:09,37,0.098,0.095,0.095,0.096,0.097,0.096,0.097,0.1,0.096,0.095,0.094,0.094,0.096,0.101,0.102,0.098,0.095,0.094,0.095,0.094,0.094,0.114,0.117,0.094,0.096,0.097,0.099,0.096,0.095,0.098,0.094,0.094,0.097,0.117,0.114,0.093,0.096,0.098,0.099,0.098,0.094,0.093,0.093,0.094,0.099,0.118,0.114,0.094,0.102,0.099,0.098,0.099,0.096,0.093,0.095,0.096,0.095,0.115,0.113,0.094,0.096,0.098,0.097,0.099,0.098,0.096,0.095,0.094,0.095,0.115,0.115,0.094,0.098,0.098,0.098,0.102,0.095,0.096,0.098,0.095,0.094,0.113,0.115,0.094,0.095,0.096,0.096,0.096,0.095,0.095,0.094,0.095,0.1,0.096,0.093,0.094
,2:30:09,37,0.099,0.095,0.095,0.096,0.097,0.096,0.097,0.1,0.096,0.095,0.095,0.094,0.096,0.101,0.102,0.099,0.095,0.094,0.096,0.094,0.095,0.129,0.132,0.094,0.096,0.097,0.099,0.096,0.095,0.099,0.095,0.095,0.098,0.133,0.13,0.094,0.096,0.098,0.099,0.099,0.095,0.093,0.094,0.094,0.1,0.135,0.13,0.094,0.102,0.1,0.099,0.1,0.097,0.094,0.096,0.097,0.095,0.131,0.129,0.095,0.096,0.098,0.097,0.099,0.099,0.097,0.096,0.095,0.095,0.131,0.133,0.094,0.098,0.099,0.098,0.103,0.096,0.097,0.098,0.096,0.095,0.128,0.131,0.094,0.095,0.097,0.096,0.096,0.095,0.095,0.095,0.095,0.1,0.096,0.093,0.094
,3:00:09,36.9,0.098,0.094,0.095,0.096,0.096,0.096,0.097,0.1,0.096,0.095,0.094,0.094,0.096,0.102,0.102,0.099,0.096,0.095,0.096,0.094,0.095,0.145,0.147,0.094,0.096,0.098,0.099,0.096,0.096,0.099,0.095,0.095,0.098,0.15,0.146,0.093,0.096,0.099,0.099,0.099,0.095,0.093,0.094,0.095,0.1,0.152,0.147,0.094,0.102,0.1,0.099,0.1,0.097,0.094,0.096,0.097,0.096,0.147,0.147,0.094,0.096,0.099,0.098,0.1,0.099,0.097,0.096,0.095,0.095,0.147,0.153,0.094,0.098,0.099,0.099,0.103,0.096,0.097,0.099,0.096,0.095,0.143,0.148,0.094,0.095,0.096,0.096,0.096,0.095,0.094,0.094,0.095,0.1,0.096,0.093,0.093
,3:30:09,36.9,0.098,0.095,0.095,0.096,0.096,0.096,0.097,0.1,0.096,0.095,0.094,0.094,0.096,0.102,0.104,0.1,0.097,0.096,0.097,0.095,0.096,0.161,0.163,0.094,0.096,0.098,0.1,0.097,0.096,0.1,0.096,0.096,0.099,0.167,0.162,0.093,0.096,0.1,0.1,0.099,0.096,0.095,0.095,0.095,0.101,0.171,0.165,0.094,0.102,0.101,0.1,0.101,0.098,0.095,0.097,0.098,0.096,0.164,0.165,0.094,0.096,0.1,0.099,0.101,0.1,0.098,0.097,0.096,0.096,0.164,0.172,0.095,0.098,0.1,0.1,0.104,0.097,0.098,0.101,0.097,0.096,0.159,0.165,0.094,0.095,0.097,0.096,0.096,0.095,0.095,0.095,0.095,0.1,0.096,0.093,0.093
,4:00:09,37,0.098,0.094,0.095,0.096,0.096,0.096,0.097,0.1,0.096,0.095,0.094,0.094,0.096,0.104,0.105,0.101,0.098,0.097,0.099,0.097,0.098,0.177,0.179,0.094,0.096,0.1,0.101,0.099,0.098,0.102,0.098,0.097,0.101,0.184,0.179,0.093,0.096,0.102,0.102,0.101,0.098,0.096,0.096,0.097,0.103,0.187,0.182,0.094,0.102,0.103,0.102,0.102,0.1,0.097,0.098,0.1,0.098,0.181,0.181,0.094,0.096,0.101,0.1,0.102,0.102,0.1,0.098,0.098,0.097,0.181,0.19,0.094,0.098,0.102,0.101,0.106,0.099,0.1,0.103,0.098,0.097,0.176,0.182,0.094,0.095,0.096,0.096,0.096,0.095,0.095,0.094,0.095,0.1,0.096,0.093,0.093
,4:30:09,37,0.098,0.095,0.095,0.096,0.096,0.096,0.097,0.1,0.096,0.095,0.095,0.094,0.096,0.108,0.108,0.104,0.101,0.101,0.102,0.1,0.102,0.195,0.196,0.094,0.096,0.103,0.104,0.101,0.102,0.105,0.101,0.101,0.105,0.201,0.196,0.093,0.096,0.106,0.105,0.104,0.101,0.099,0.099,0.1,0.106,0.204,0.199,0.094,0.102,0.106,0.105,0.105,0.103,0.1,0.101,0.104,0.101,0.197,0.199,0.094,0.097,0.105,0.103,0.104,0.105,0.103,0.101,0.101,0.1,0.197,0.208,0.095,0.098,0.105,0.104,0.109,0.102,0.102,0.106,0.101,0.1,0.191,0.199,0.095,0.096,0.097,0.096,0.096,0.095,0.095,0.095,0.096,0.1,0.096,0.094,0.094
,5:00:09,36.9,0.098,0.094,0.095,0.096,0.096,0.096,0.097,0.1,0.096,0.095,0.094,0.093,0.096,0.114,0.114,0.109,0.105,0.106,0.108,0.105,0.11,0.21,0.21,0.094,0.096,0.108,0.109,0.105,0.107,0.111,0.107,0.106,0.111,0.217,0.21,0.093,0.096,0.112,0.109,0.109,0.107,0.104,0.104,0.106,0.111,0.221,0.214,0.094,0.102,0.112,0.11,0.109,0.109,0.104,0.105,0.11,0.106,0.212,0.214,0.094,0.096,0.11,0.107,0.108,0.111,0.108,0.106,0.107,0.105,0.213,0.223,0.095,0.098,0.111,0.109,0.113,0.107,0.108,0.111,0.107,0.104,0.203,0.212,0.094,0.096,0.097,0.096,0.096,0.095,0.095,0.095,0.095,0.1,0.096,0.093,0.093
,5:30:09,37,0.098,0.094,0.095,0.096,0.096,0.096,0.097,0.1,0.096,0.095,0.094,0.094,0.096,0.126,0.124,0.118,0.113,0.117,0.119,0.115,0.124,0.228,0.228,0.094,0.096,0.119,0.117,0.114,0.117,0.122,0.118,0.116,0.124,0.235,0.227,0.093,0.096,0.124,0.118,0.118,0.118,0.114,0.113,0.116,0.122,0.237,0.23,0.094,0.102,0.123,0.119,0.118,0.12,0.113,0.114,0.12,0.115,0.228,0.23,0.094,0.096,0.121,0.116,0.116,0.121,0.118,0.115,0.117,0.114,0.23,0.239,0.094,0.098,0.123,0.118,0.122,0.116,0.117,0.12,0.116,0.113,0.22,0.23,0.095,0.095,0.097,0.096,0.096,0.095,0.095,0.095,0.095,0.1,0.096,0.094,0.094
,6:00:09,37,0.098,0.095,0.095,0.096,0.096,0.096,0.097,0.1,0.096,0.095,0.094,0.094,0.096,0.141,0.136,0.131,0.126,0.132,0.134,0.129,0.141,0.245,0.247,0.094,0.096,0.135,0.13,0.127,0.13,0.136,0.131,0.128,0.14,0.251,0.242,0.093,0.096,0.141,0.131,0.131,0.132,0.127,0.127,0.128,0.137,0.254,0.247,0.094,0.102,0.139,0.133,0.131,0.134,0.127,0.127,0.132,0.129,0.243,0.247,0.094,0.096,0.136,0.13,0.128,0.136,0.131,0.129,0.13,0.128,0.246,0.255,0.094,0.098,0.14,0.133,0.136,0.13,0.133,0.134,0.129,0.127,0.238,0.245,0.094,0.095,0.097,0.096,0.096,0.095,0.095,0.095,0.095,0.1,0.096,0.094,0.094
,6:30:09,37,0.098,0.094,0.095,0.096,0.096,0.096,0.097,0.1,0.096,0.095,0.094,0.094,0.096,0.158,0.151,0.145,0.14,0.148,0.15,0.143,0.159,0.262,0.264,0.094,0.096,0.152,0.145,0.141,0.145,0.151,0.146,0.142,0.157,0.268,0.26,0.093,0.096,0.159,0.146,0.146,0.147,0.143,0.142,0.142,0.154,0.272,0.262,0.094,0.102,0.157,0.149,0.146,0.148,0.143,0.143,0.146,0.145,0.26,0.263,0.094,0.096,0.154,0.146,0.144,0.152,0.148,0.145,0.144,0.145,0.261,0.271,0.095,0.098,0.158,0.15,0.153,0.146,0.15,0.15,0.144,0.143,0.25,0.26,0.095,0.095,0.097,0.096,0.096,0.095,0.095,0.094,0.095,0.1,0.096,0.093,0.093
,7:00:09,37,0.098,0.094,0.095,0.096,0.096,0.096,0.097,0.1,0.096,0.095,0.094,0.093,0.095,0.176,0.168,0.161,0.155,0.166,0.168,0.158,0.177,0.277,0.278,0.094,0.096,0.169,0.161,0.157,0.161,0.169,0.163,0.157,0.176,0.284,0.277,0.093,0.096,0.178,0.163,0.161,0.163,0.16,0.159,0.157,0.172,0.285,0.279,0.093,0.101,0.174,0.166,0.162,0.165,0.16,0.16,0.161,0.162,0.275,0.278,0.094,0.096,0.172,0.164,0.16,0.17,0.164,0.161,0.159,0.162,0.276,0.286,0.094,0.098,0.175,0.167,0.17,0.161,0.167,0.167,0.16,0.161,0.265,0.273,0.094,0.095,0.096,0.096,0.096,0.095,0.094,0.094,0.095,0.1,0.096,0.093,0.093
,7:30:09,36.9,0.098,0.094,0.095,0.096,0.096,0.096,0.097,0.1,0.096,0.095,0.094,0.094,0.096,0.194,0.183,0.177,0.171,0.183,0.185,0.173,0.196,0.291,0.293,0.094,0.096,0.188,0.177,0.174,0.177,0.185,0.18,0.172,0.195,0.297,0.291,0.093,0.096,0.196,0.179,0.178,0.181,0.176,0.175,0.172,0.189,0.3,0.293,0.094,0.101,0.194,0.183,0.178,0.181,0.177,0.177,0.177,0.18,0.289,0.291,0.094,0.096,0.19,0.181,0.176,0.187,0.18,0.179,0.173,0.18,0.292,0.3,0.094,0.098,0.193,0.183,0.188,0.176,0.184,0.185,0.175,0.177,0.286,0.289,0.095,0.095,0.097,0.096,0.096,0.095,0.095,0.095,0.095,0.1,0.096,0.093,0.094
,8:00:09,36.9,0.098,0.095,0.095,0.096,0.097,0.096,0.097,0.1,0.096,0.095,0.095,0.094,0.096,0.211,0.2,0.193,0.187,0.199,0.201,0.189,0.213,0.308,0.31,0.094,0.096,0.205,0.193,0.191,0.194,0.201,0.197,0.187,0.213,0.312,0.307,0.093,0.096,0.212,0.195,0.193,0.198,0.193,0.192,0.186,0.207,0.315,0.308,0.094,0.102,0.211,0.199,0.194,0.2,0.193,0.193,0.193,0.196,0.304,0.306,0.094,0.096,0.206,0.198,0.193,0.204,0.197,0.195,0.187,0.197,0.307,0.315,0.095,0.098,0.209,0.2,0.204,0.193,0.2,0.202,0.191,0.192,0.298,0.303,0.095,0.096,0.097,0.096,0.096,0.095,0.095,0.095,0.095,0.1,0.096,0.094,0.094
,8:30:09,37,0.098,0.094,0.095,0.096,0.096,0.096,0.097,0.1,0.096,0.095,0.094,0.094,0.096,0.228,0.214,0.207,0.204,0.214,0.216,0.204,0.23,0.327,0.326,0.094,0.096,0.221,0.209,0.205,0.21,0.216,0.211,0.202,0.228,0.326,0.319,0.093,0.096,0.228,0.209,0.208,0.215,0.207,0.207,0.201,0.223,0.33,0.321,0.094,0.101,0.226,0.213,0.208,0.215,0.207,0.206,0.206,0.211,0.32,0.32,0.094,0.096,0.222,0.213,0.209,0.22,0.213,0.212,0.201,0.213,0.322,0.329,0.094,0.098,0.225,0.214,0.218,0.21,0.216,0.217,0.205,0.207,0.311,0.317,0.095,0.095,0.097,0.096,0.096,0.095,0.095,0.095,0.095,0.1,0.096,0.093,0.094
,9:00:09,37,0.098,0.094,0.095,0.096,0.097,0.096,0.097,0.1,0.096,0.095,0.094,0.094,0.096,0.245,0.23,0.223,0.223,0.23,0.231,0.219,0.246,0.347,0.342,0.094,0.096,0.238,0.225,0.22,0.228,0.231,0.227,0.217,0.244,0.342,0.336,0.094,0.096,0.244,0.224,0.222,0.234,0.223,0.222,0.216,0.238,0.348,0.338,0.094,0.102,0.243,0.227,0.223,0.235,0.223,0.219,0.223,0.227,0.337,0.335,0.094,0.097,0.241,0.229,0.224,0.237,0.23,0.227,0.215,0.228,0.335,0.344,0.095,0.098,0.242,0.231,0.234,0.226,0.233,0.233,0.22,0.224,0.333,0.335,0.095,0.095,0.097,0.096,0.096,0.095,0.095,0.095,0.095,0.1,0.096,0.094,0.094
,9:30:09,37,0.098,0.095,0.095,0.096,0.096,0.096,0.097,0.1,0.096,0.095,0.094,0.094,0.096,0.262,0.245,0.238,0.239,0.246,0.247,0.234,0.262,0.364,0.361,0.094,0.096,0.255,0.239,0.235,0.248,0.248,0.243,0.231,0.261,0.36,0.351,0.093,0.096,0.261,0.239,0.238,0.25,0.239,0.238,0.23,0.254,0.362,0.355,0.094,0.102,0.261,0.243,0.238,0.252,0.239,0.235,0.237,0.242,0.351,0.349,0.094,0.097,0.256,0.244,0.239,0.254,0.245,0.242,0.227,0.244,0.352,0.358,0.095,0.098,0.259,0.246,0.25,0.24,0.25,0.249,0.236,0.243,0.349,0.349,0.095,0.096,0.097,0.096,0.096,0.095,0.095,0.095,0.095,0.1,0.096,0.093,0.093
,10:00:09,37,0.098,0.095,0.095,0.096,0.096,0.097,0.097,0.1,0.096,0.095,0.094,0.094,0.096,0.278,0.262,0.254,0.255,0.262,0.263,0.247,0.279,0.378,0.375,0.094,0.096,0.272,0.255,0.251,0.264,0.264,0.259,0.246,0.277,0.38,0.366,0.093,0.096,0.276,0.256,0.253,0.268,0.255,0.255,0.243,0.27,0.379,0.37,0.093,0.102,0.277,0.259,0.255,0.268,0.256,0.253,0.253,0.261,0.367,0.364,0.094,0.096,0.271,0.26,0.255,0.271,0.259,0.257,0.243,0.263,0.374,0.373,0.096,0.098,0.274,0.262,0.266,0.254,0.266,0.265,0.248,0.26,0.371,0.366,0.095,0.096,0.097,0.096,0.096,0.095,0.095,0.095,0.095,0.1,0.096,0.094,0.093
,10:30:09,37,0.098,0.095,0.095,0.096,0.097,0.097,0.097,0.1,0.096,0.095,0.094,0.094,0.096,0.294,0.277,0.269,0.272,0.278,0.279,0.264,0.294,0.394,0.39,0.094,0.096,0.288,0.272,0.266,0.28,0.281,0.275,0.26,0.293,0.403,0.381,0.094,0.096,0.292,0.27,0.269,0.283,0.271,0.269,0.257,0.285,0.399,0.387,0.094,0.102,0.292,0.277,0.271,0.283,0.272,0.267,0.268,0.276,0.392,0.379,0.094,0.096,0.286,0.274,0.272,0.286,0.275,0.274,0.256,0.278,0.396,0.39,0.097,0.098,0.287,0.277,0.283,0.268,0.283,0.283,0.263,0.277,0.395,0.383,0.095,0.096,0.097,0.096,0.096,0.095,0.095,0.095,0.095,0.1,0.096,0.094,0.094
,11:00:09,36.9,0.098,0.095,0.095,0.096,0.096,0.098,0.097,0.1,0.096,0.095,0.094,0.094,0.096,0.311,0.292,0.286,0.287,0.293,0.296,0.277,0.311,0.412,0.409,0.094,0.097,0.302,0.286,0.281,0.296,0.297,0.29,0.277,0.309,0.426,0.4,0.093,0.096,0.308,0.287,0.284,0.298,0.286,0.285,0.272,0.302,0.419,0.404,0.094,0.101,0.308,0.291,0.288,0.3,0.288,0.284,0.281,0.291,0.413,0.397,0.094,0.096,0.302,0.287,0.286,0.302,0.291,0.289,0.269,0.294,0.414,0.407,0.099,0.098,0.302,0.293,0.303,0.284,0.301,0.299,0.278,0.292,0.415,0.396,0.095,0.095,0.097,0.096,0.096,0.095,0.095,0.095,0.095,0.1,0.096,0.094,0.094
,11:30:09,37,0.098,0.094,0.095,0.096,0.096,0.098,0.097,0.1,0.096,0.095,0.094,0.094,0.096,0.326,0.305,0.299,0.304,0.307,0.311,0.292,0.327,0.431,0.426,0.094,0.096,0.319,0.302,0.295,0.31,0.31,0.309,0.289,0.324,0.444,0.416,0.093,0.096,0.324,0.301,0.3,0.313,0.3,0.303,0.287,0.318,0.439,0.422,0.094,0.102,0.325,0.306,0.305,0.316,0.3,0.299,0.299,0.307,0.432,0.414,0.094,0.096,0.318,0.303,0.302,0.318,0.307,0.307,0.28,0.31,0.436,0.423,0.102,0.098,0.319,0.309,0.322,0.298,0.32,0.321,0.291,0.308,0.439,0.414,0.095,0.096,0.097,0.096,0.096,0.095,0.095,0.095,0.095,0.1,0.096,0.094,0.093
,12:00:09,37,0.098,0.094,0.095,0.096,0.097,0.098,0.097,0.1,0.096,0.095,0.094,0.093,0.096,0.341,0.32,0.315,0.319,0.322,0.326,0.306,0.341,0.451,0.449,0.094,0.096,0.333,0.316,0.309,0.328,0.327,0.322,0.302,0.34,0.464,0.433,0.093,0.096,0.337,0.316,0.315,0.327,0.318,0.32,0.299,0.332,0.459,0.438,0.094,0.101,0.342,0.321,0.318,0.331,0.316,0.314,0.311,0.323,0.458,0.43,0.094,0.096,0.334,0.316,0.319,0.334,0.325,0.324,0.295,0.327,0.457,0.441,0.108,0.098,0.334,0.325,0.344,0.313,0.341,0.343,0.306,0.327,0.459,0.434,0.094,0.095,0.097,0.096,0.096,0.095,0.094,0.095,0.095,0.1,0.096,0.093,0.093
,12:30:09,37,0.098,0.095,0.095,0.096,0.096,0.098,0.097,0.1,0.096,0.095,0.094,0.094,0.096,0.359,0.335,0.329,0.336,0.337,0.342,0.319,0.358,0.471,0.466,0.094,0.096,0.348,0.331,0.325,0.343,0.343,0.339,0.316,0.356,0.483,0.45,0.094,0.096,0.354,0.333,0.33,0.343,0.336,0.333,0.315,0.347,0.482,0.458,0.094,0.102,0.359,0.335,0.332,0.348,0.33,0.331,0.326,0.34,0.475,0.445,0.094,0.097,0.352,0.331,0.337,0.349,0.349,0.345,0.309,0.343,0.476,0.459,0.119,0.098,0.35,0.342,0.37,0.329,0.364,0.369,0.32,0.349,0.48,0.451,0.094,0.095,0.097,0.096,0.096,0.095,0.095,0.095,0.095,0.1,0.096,0.094,0.094
,13:00:09,37,0.098,0.095,0.095,0.096,0.096,0.098,0.097,0.1,0.096,0.095,0.094,0.093,0.096,0.374,0.352,0.347,0.35,0.353,0.358,0.334,0.375,0.486,0.486,0.094,0.096,0.365,0.346,0.34,0.359,0.361,0.359,0.33,0.373,0.503,0.468,0.093,0.096,0.368,0.349,0.346,0.359,0.352,0.353,0.327,0.363,0.5,0.474,0.094,0.101,0.376,0.351,0.348,0.362,0.351,0.353,0.339,0.359,0.49,0.457,0.094,0.096,0.368,0.348,0.359,0.365,0.374,0.368,0.321,0.364,0.492,0.474,0.135,0.098,0.366,0.362,0.398,0.344,0.388,0.394,0.332,0.374,0.5,0.469,0.095,0.096,0.097,0.096,0.096,0.095,0.095,0.095,0.095,0.1,0.096,0.094,0.094
,13:30:09,37,0.098,0.095,0.095,0.096,0.096,0.099,0.098,0.1,0.096,0.095,0.094,0.094,0.096,0.391,0.368,0.362,0.367,0.369,0.376,0.35,0.391,0.501,0.505,0.094,0.096,0.381,0.365,0.357,0.374,0.379,0.377,0.343,0.389,0.517,0.483,0.093,0.096,0.384,0.364,0.363,0.375,0.371,0.372,0.339,0.383,0.516,0.491,0.094,0.101,0.39,0.369,0.366,0.379,0.369,0.373,0.354,0.376,0.507,0.473,0.094,0.097,0.382,0.369,0.387,0.38,0.401,0.395,0.337,0.388,0.507,0.488,0.155,0.098,0.382,0.383,0.426,0.359,0.415,0.421,0.348,0.404,0.518,0.485,0.095,0.096,0.097,0.096,0.096,0.095,0.095,0.095,0.095,0.1,0.097,0.094,0.094
,14:00:09,37,0.098,0.094,0.095,0.096,0.096,0.098,0.097,0.1,0.096,0.095,0.094,0.093,0.096,0.407,0.39,0.381,0.382,0.385,0.393,0.361,0.41,0.517,0.521,0.094,0.096,0.396,0.383,0.374,0.39,0.399,0.396,0.358,0.407,0.531,0.494,0.093,0.096,0.4,0.38,0.382,0.39,0.39,0.392,0.353,0.399,0.529,0.508,0.094,0.101,0.407,0.386,0.386,0.396,0.391,0.396,0.367,0.399,0.52,0.488,0.094,0.097,0.397,0.387,0.417,0.397,0.426,0.418,0.349,0.416,0.519,0.502,0.174,0.098,0.399,0.402,0.45,0.374,0.441,0.448,0.361,0.434,0.532,0.499,0.095,0.095,0.097,0.096,0.096,0.095,0.095,0.095,0.095,0.1,0.096,0.094,0.094
,14:30:09,36.9,0.098,0.095,0.095,0.096,0.097,0.099,0.098,0.1,0.096,0.095,0.095,0.094,0.096,0.423,0.407,0.397,0.398,0.402,0.412,0.376,0.429,0.53,0.534,0.094,0.097,0.414,0.403,0.39,0.405,0.417,0.414,0.371,0.427,0.543,0.509,0.094,0.096,0.415,0.398,0.399,0.408,0.411,0.414,0.366,0.418,0.543,0.524,0.094,0.102,0.424,0.405,0.409,0.412,0.407,0.416,0.382,0.423,0.533,0.503,0.094,0.097,0.414,0.407,0.445,0.412,0.45,0.444,0.363,0.443,0.531,0.517,0.192,0.098,0.416,0.424,0.478,0.389,0.467,0.472,0.376,0.463,0.545,0.514,0.095,0.096,0.097,0.097,0.096,0.096,0.095,0.095,0.096,0.1,0.097,0.094,0.094
,15:00:09,37,0.098,0.094,0.096,0.096,0.097,0.099,0.097,0.1,0.096,0.095,0.094,0.094,0.096,0.44,0.424,0.416,0.414,0.42,0.429,0.39,0.448,0.542,0.553,0.094,0.096,0.429,0.421,0.408,0.42,0.44,0.435,0.387,0.447,0.555,0.522,0.093,0.096,0.429,0.416,0.42,0.422,0.434,0.434,0.379,0.44,0.552,0.537,0.094,0.101,0.44,0.426,0.436,0.426,0.429,0.44,0.397,0.449,0.549,0.516,0.094,0.097,0.43,0.425,0.469,0.427,0.474,0.468,0.376,0.468,0.543,0.529,0.21,0.098,0.43,0.447,0.499,0.403,0.49,0.495,0.387,0.49,0.558,0.529,0.095,0.095,0.097,0.096,0.096,0.095,0.095,0.095,0.095,0.1,0.096,0.093,0.093
,15:30:09,37,0.098,0.095,0.096,0.096,0.097,0.099,0.097,0.1,0.096,0.095,0.094,0.094,0.096,0.456,0.442,0.437,0.429,0.436,0.449,0.404,0.467,0.553,0.568,0.094,0.096,0.445,0.441,0.426,0.436,0.458,0.458,0.401,0.467,0.566,0.535,0.093,0.096,0.446,0.434,0.438,0.439,0.45,0.454,0.392,0.46,0.565,0.55,0.094,0.102,0.456,0.449,0.46,0.444,0.451,0.461,0.41,0.469,0.56,0.53,0.094,0.097,0.447,0.444,0.495,0.442,0.497,0.49,0.388,0.494,0.554,0.544,0.226,0.098,0.443,0.472,0.521,0.418,0.512,0.518,0.403,0.517,0.57,0.541,0.095,0.096,0.097,0.097,0.096,0.096,0.095,0.095,0.096,0.1,0.097,0.094,0.094
,16:00:09,36.9,0.098,0.094,0.095,0.095,0.096,0.098,0.097,0.1,0.096,0.095,0.094,0.093,0.096,0.473,0.458,0.454,0.442,0.451,0.466,0.418,0.486,0.563,0.58,0.094,0.096,0.459,0.447,0.44,0.452,0.478,0.479,0.411,0.487,0.577,0.549,0.093,0.096,0.461,0.447,0.46,0.454,0.471,0.475,0.408,0.478,0.574,0.562,0.093,0.101,0.471,0.465,0.485,0.457,0.469,0.481,0.424,0.492,0.569,0.543,0.094,0.096,0.46,0.463,0.517,0.457,0.517,0.51,0.402,0.515,0.565,0.556,0.243,0.098,0.457,0.494,0.542,0.433,0.532,0.538,0.416,0.54,0.58,0.553,0.094,0.095,0.096,0.096,0.096,0.095,0.094,0.094,0.095,0.1,0.096,0.093,0.093
,16:30:09,37,0.098,0.094,0.096,0.096,0.097,0.098,0.097,0.1,0.096,0.095,0.094,0.093,0.096,0.488,0.474,0.477,0.459,0.467,0.486,0.432,0.505,0.575,0.592,0.094,0.096,0.476,0.465,0.459,0.467,0.497,0.498,0.426,0.502,0.587,0.559,0.093,0.096,0.477,0.467,0.474,0.47,0.492,0.496,0.422,0.499,0.583,0.574,0.094,0.101,0.486,0.479,0.503,0.472,0.489,0.501,0.436,0.513,0.579,0.556,0.094,0.097,0.476,0.483,0.538,0.471,0.535,0.53,0.415,0.537,0.575,0.566,0.261,0.098,0.472,0.519,0.561,0.448,0.551,0.557,0.43,0.562,0.592,0.564,0.095,0.096,0.097,0.096,0.096,0.095,0.095,0.095,0.095,0.1,0.096,0.094,0.094
,17:00:09,37,0.098,0.094,0.096,0.096,0.097,0.098,0.097,0.1,0.096,0.095,0.094,0.093,0.096,0.502,0.496,0.493,0.472,0.483,0.505,0.443,0.523,0.584,0.601,0.094,0.096,0.489,0.481,0.476,0.481,0.516,0.518,0.44,0.523,0.598,0.572,0.093,0.096,0.492,0.482,0.483,0.484,0.507,0.514,0.434,0.518,0.595,0.584,0.094,0.101,0.501,0.496,0.525,0.487,0.504,0.518,0.451,0.533,0.59,0.567,0.094,0.096,0.492,0.501,0.555,0.486,0.552,0.545,0.428,0.555,0.586,0.577,0.278,0.098,0.486,0.536,0.576,0.461,0.567,0.572,0.441,0.579,0.602,0.576,0.094,0.095,0.097,0.096,0.096,0.095,0.095,0.094,0.095,0.1,0.096,0.093,0.093
,17:30:09,37,0.098,0.094,0.096,0.096,0.097,0.098,0.097,0.1,0.096,0.095,0.094,0.093,0.096,0.517,0.515,0.513,0.486,0.497,0.521,0.456,0.54,0.592,0.612,0.094,0.096,0.504,0.497,0.492,0.498,0.533,0.532,0.452,0.535,0.609,0.579,0.093,0.096,0.505,0.497,0.502,0.5,0.524,0.529,0.448,0.534,0.605,0.594,0.094,0.101,0.514,0.513,0.544,0.502,0.52,0.535,0.466,0.551,0.6,0.578,0.094,0.097,0.506,0.519,0.57,0.501,0.569,0.559,0.443,0.57,0.595,0.587,0.293,0.098,0.5,0.554,0.593,0.475,0.583,0.587,0.457,0.595,0.61,0.585,0.095,0.095,0.097,0.096,0.096,0.095,0.095,0.095,0.095,0.1,0.097,0.093,0.093
,18:00:09,36.9,0.098,0.094,0.096,0.096,0.097,0.098,0.097,0.1,0.096,0.095,0.094,0.093,0.096,0.532,0.533,0.526,0.499,0.511,0.536,0.468,0.556,0.605,0.62,0.094,0.096,0.518,0.52,0.508,0.508,0.548,0.546,0.465,0.553,0.618,0.589,0.093,0.096,0.519,0.511,0.518,0.511,0.541,0.545,0.462,0.55,0.613,0.604,0.094,0.101,0.527,0.527,0.557,0.516,0.535,0.549,0.478,0.565,0.608,0.586,0.094,0.097,0.52,0.535,0.585,0.515,0.583,0.572,0.456,0.585,0.609,0.595,0.31,0.098,0.514,0.57,0.606,0.489,0.597,0.603,0.468,0.611,0.62,0.597,0.095,0.095,0.097,0.096,0.096,0.095,0.095,0.095,0.095,0.1,0.096,0.094,0.093
,18:30:09,37,0.098,0.094,0.096,0.096,0.096,0.098,0.097,0.1,0.096,0.095,0.094,0.093,0.096,0.545,0.549,0.539,0.514,0.525,0.55,0.481,0.567,0.612,0.628,0.094,0.096,0.53,0.531,0.523,0.524,0.561,0.559,0.475,0.562,0.626,0.598,0.093,0.096,0.531,0.524,0.534,0.526,0.553,0.556,0.473,0.561,0.622,0.612,0.093,0.101,0.54,0.543,0.572,0.529,0.548,0.561,0.491,0.576,0.62,0.596,0.094,0.096,0.535,0.551,0.597,0.528,0.595,0.587,0.468,0.598,0.618,0.604,0.326,0.097,0.525,0.585,0.62,0.502,0.611,0.614,0.48,0.624,0.631,0.603,0.094,0.095,0.096,0.096,0.096,0.095,0.094,0.094,0.095,0.1,0.096,0.093,0.093
,19:00:09,37,0.098,0.094,0.096,0.096,0.097,0.098,0.097,0.1,0.096,0.095,0.094,0.094,0.096,0.558,0.562,0.55,0.526,0.537,0.563,0.494,0.581,0.62,0.64,0.094,0.096,0.543,0.544,0.535,0.536,0.572,0.57,0.49,0.574,0.635,0.604,0.093,0.096,0.545,0.534,0.547,0.538,0.565,0.567,0.487,0.573,0.629,0.618,0.094,0.101,0.553,0.556,0.585,0.542,0.56,0.575,0.502,0.59,0.631,0.605,0.094,0.097,0.548,0.565,0.61,0.542,0.607,0.598,0.482,0.608,0.628,0.613,0.342,0.098,0.54,0.597,0.633,0.515,0.623,0.628,0.492,0.635,0.639,0.611,0.094,0.096,0.097,0.096,0.096,0.095,0.094,0.095,0.095,0.1,0.096,0.094,0.093
,19:30:09,36.9,0.098,0.094,0.096,0.096,0.097,0.098,0.097,0.1,0.096,0.095,0.094,0.094,0.096,0.57,0.578,0.559,0.538,0.548,0.575,0.504,0.592,0.63,0.647,0.094,0.096,0.556,0.554,0.546,0.55,0.583,0.581,0.501,0.586,0.642,0.614,0.093,0.096,0.556,0.545,0.559,0.551,0.576,0.576,0.497,0.585,0.64,0.626,0.094,0.101,0.567,0.568,0.598,0.556,0.571,0.586,0.514,0.599,0.637,0.611,0.094,0.097,0.562,0.578,0.621,0.553,0.619,0.609,0.494,0.621,0.637,0.619,0.361,0.098,0.553,0.61,0.645,0.527,0.635,0.638,0.506,0.646,0.648,0.619,0.095,0.095,0.097,0.096,0.096,0.095,0.095,0.095,0.096,0.1,0.096,0.093,0.093
,20:00:09,37,0.098,0.094,0.096,0.096,0.097,0.098,0.097,0.1,0.096,0.095,0.094,0.093,0.096,0.581,0.589,0.569,0.552,0.558,0.587,0.516,0.603,0.639,0.653,0.094,0.096,0.567,0.565,0.559,0.561,0.593,0.592,0.511,0.595,0.65,0.618,0.093,0.096,0.569,0.557,0.571,0.562,0.586,0.587,0.508,0.596,0.646,0.633,0.094,0.102,0.578,0.581,0.609,0.567,0.58,0.597,0.526,0.613,0.644,0.618,0.094,0.097,0.571,0.589,0.632,0.565,0.631,0.617,0.504,0.632,0.647,0.627,0.382,0.098,0.563,0.62,0.656,0.539,0.646,0.649,0.516,0.658,0.656,0.627,0.095,0.096,0.097,0.096,0.096,0.095,0.095,0.095,0.096,0.1,0.096,0.093,0.094
,20:30:09,37,0.098,0.095,0.096,0.096,0.097,0.098,0.097,0.1,0.096,0.095,0.094,0.093,0.096,0.592,0.601,0.581,0.564,0.57,0.596,0.526,0.613,0.644,0.661,0.094,0.096,0.579,0.574,0.568,0.573,0.601,0.601,0.523,0.602,0.659,0.623,0.093,0.096,0.58,0.564,0.581,0.574,0.594,0.595,0.518,0.606,0.655,0.64,0.094,0.101,0.588,0.591,0.618,0.579,0.59,0.603,0.537,0.618,0.652,0.624,0.094,0.097,0.583,0.601,0.64,0.577,0.639,0.627,0.514,0.641,0.654,0.635,0.401,0.098,0.576,0.629,0.667,0.548,0.655,0.658,0.527,0.667,0.664,0.634,0.094,0.095,0.097,0.096,0.096,0.095,0.095,0.095,0.095,0.1,0.096,0.093,0.094
,21:00:09,37,0.098,0.095,0.096,0.096,0.097,0.098,0.098,0.1,0.096,0.096,0.094,0.094,0.096,0.602,0.613,0.592,0.576,0.579,0.606,0.535,0.619,0.654,0.671,0.094,0.097,0.589,0.586,0.578,0.584,0.61,0.61,0.532,0.612,0.668,0.631,0.094,0.096,0.592,0.568,0.592,0.586,0.602,0.605,0.53,0.614,0.664,0.648,0.094,0.102,0.6,0.601,0.63,0.59,0.599,0.617,0.546,0.626,0.66,0.633,0.094,0.097,0.592,0.611,0.652,0.589,0.649,0.636,0.526,0.653,0.663,0.642,0.423,0.098,0.587,0.642,0.678,0.56,0.665,0.668,0.538,0.677,0.672,0.644,0.095,0.096,0.097,0.096,0.096,0.095,0.095,0.095,0.096,0.1,0.096,0.094,0.094
,21:30:09,37,0.098,0.095,0.096,0.096,0.097,0.098,0.097,0.1,0.096,0.095,0.094,0.094,0.096,0.613,0.623,0.601,0.586,0.59,0.615,0.545,0.629,0.659,0.676,0.094,0.096,0.601,0.594,0.588,0.594,0.62,0.619,0.541,0.618,0.675,0.637,0.093,0.096,0.603,0.575,0.603,0.596,0.611,0.612,0.538,0.623,0.669,0.653,0.093,0.101,0.609,0.611,0.638,0.601,0.607,0.625,0.555,0.636,0.669,0.637,0.094,0.097,0.603,0.621,0.661,0.6,0.657,0.645,0.536,0.66,0.669,0.647,0.449,0.098,0.598,0.652,0.685,0.57,0.673,0.678,0.545,0.686,0.679,0.65,0.095,0.095,0.097,0.096,0.096,0.095,0.095,0.095,0.095,0.1,0.096,0.093,0.093
,22:00:09,37,0.098,0.094,0.096,0.096,0.097,0.098,0.097,0.1,0.096,0.096,0.094,0.093,0.096,0.624,0.631,0.61,0.595,0.598,0.622,0.555,0.637,0.664,0.682,0.094,0.096,0.611,0.604,0.598,0.604,0.628,0.625,0.549,0.623,0.681,0.64,0.093,0.096,0.613,0.586,0.611,0.607,0.621,0.622,0.546,0.631,0.676,0.661,0.094,0.101,0.622,0.62,0.647,0.611,0.617,0.635,0.565,0.646,0.677,0.644,0.094,0.097,0.612,0.63,0.669,0.612,0.667,0.653,0.544,0.668,0.678,0.655,0.471,0.098,0.608,0.661,0.696,0.58,0.683,0.687,0.559,0.695,0.689,0.658,0.095,0.096,0.097,0.096,0.096,0.095,0.095,0.095,0.096,0.1,0.096,0.094,0.094
,22:30:09,37,0.098,0.094,0.096,0.096,0.097,0.098,0.097,0.1,0.096,0.095,0.094,0.093,0.096,0.635,0.639,0.619,0.606,0.605,0.629,0.563,0.645,0.672,0.691,0.094,0.096,0.622,0.613,0.606,0.613,0.637,0.634,0.558,0.633,0.688,0.647,0.093,0.096,0.623,0.593,0.622,0.615,0.629,0.63,0.556,0.639,0.686,0.665,0.094,0.101,0.629,0.631,0.656,0.619,0.624,0.642,0.574,0.654,0.684,0.648,0.094,0.097,0.62,0.64,0.678,0.621,0.675,0.662,0.552,0.677,0.683,0.662,0.496,0.098,0.618,0.67,0.704,0.591,0.69,0.695,0.566,0.703,0.696,0.664,0.094,0.095,0.097,0.096,0.095,0.095,0.094,0.095,0.095,0.1,0.096,0.093,0.093
,23:00:09,37,0.098,0.094,0.096,0.096,0.097,0.098,0.097,0.1,0.096,0.095,0.094,0.093,0.096,0.643,0.649,0.63,0.615,0.612,0.637,0.572,0.652,0.68,0.695,0.094,0.096,0.634,0.623,0.613,0.625,0.645,0.644,0.567,0.639,0.696,0.652,0.093,0.096,0.632,0.601,0.631,0.625,0.638,0.641,0.564,0.647,0.692,0.672,0.093,0.101,0.638,0.638,0.664,0.627,0.632,0.651,0.582,0.66,0.692,0.655,0.094,0.097,0.628,0.649,0.686,0.63,0.684,0.669,0.559,0.684,0.692,0.668,0.516,0.098,0.629,0.678,0.713,0.599,0.697,0.705,0.575,0.713,0.705,0.671,0.094,0.096,0.096,0.095,0.096,0.095,0.094,0.094,0.095,0.1,0.096,0.093,0.093
,23:30:09,37,0.098,0.095,0.096,0.096,0.097,0.098,0.097,0.1,0.096,0.096,0.094,0.094,0.096,0.654,0.657,0.644,0.624,0.621,0.643,0.582,0.66,0.688,0.705,0.094,0.096,0.642,0.633,0.62,0.633,0.652,0.653,0.577,0.649,0.706,0.659,0.093,0.096,0.644,0.608,0.638,0.634,0.646,0.648,0.576,0.655,0.7,0.679,0.094,0.102,0.648,0.648,0.673,0.636,0.639,0.661,0.59,0.669,0.699,0.664,0.095,0.097,0.638,0.657,0.696,0.64,0.692,0.678,0.57,0.692,0.699,0.673,0.536,0.098,0.64,0.687,0.723,0.61,0.705,0.713,0.583,0.722,0.713,0.678,0.095,0.096,0.097,0.096,0.096,0.095,0.095,0.095,0.095,0.1,0.096,0.093,0.094
,24:00:09,37,0.098,0.095,0.096,0.096,0.097,0.098,0.097,0.1,0.096,0.095,0.094,0.093,0.096,0.664,0.667,0.651,0.634,0.628,0.653,0.589,0.665,0.695,0.709,0.094,0.096,0.653,0.64,0.625,0.642,0.661,0.661,0.583,0.657,0.713,0.664,0.093,0.096,0.653,0.617,0.646,0.64,0.654,0.656,0.582,0.663,0.704,0.685,0.094,0.101,0.656,0.655,0.679,0.644,0.647,0.667,0.597,0.677,0.707,0.668,0.094,0.097,0.647,0.665,0.704,0.648,0.7,0.685,0.578,0.701,0.705,0.679,0.551,0.098,0.648,0.694,0.73,0.617,0.712,0.721,0.59,0.731,0.719,0.683,0.095,0.096,0.097,0.096,0.096,0.095,0.095,0.095,0.096,0.1,0.096,0.094,0.093
,,,,,,,,,,,,,,,,,,,,,,,,,,,,,,,,,,,,,,,,,,,,,,,,,,,,,,,,,,,,,,,,,,,,,,,,,,,,,,,,,,,,,,,,,,,,,,,,,,
Read 2:Lum,,,,,,,,,,,,,,,,,,,,,,,,,,,,,,,,,,,,,,,,,,,,,,,,,,,,,,,,,,,,,,,,,,,,,,,,,,,,,,,,,,,,,,,,,,,,,,,,,,
,,,,,,,,,,,,,,,,,,,,,,,,,,,,,,,,,,,,,,,,,,,,,,,,,,,,,,,,,,,,,,,,,,,,,,,,,,,,,,,,,,,,,,,,,,,,,,,,,,
,Time,T Read 2:Lum,A1,A2,A3,A4,A5,A6,A7,A8,A9,A10,A11,A12,B1,B2,B3,B4,B5,B6,B7,B8,B9,B10,B11,B12,C1,C2,C3,C4,C5,C6,C7,C8,C9,C10,C11,C12,D1,D2,D3,D4,D5,D6,D7,D8,D9,D10,D11,D12,E1,E2,E3,E4,E5,E6,E7,E8,E9,E10,E11,E12,F1,F2,F3,F4,F5,F6,F7,F8,F9,F10,F11,F12,G1,G2,G3,G4,G5,G6,G7,G8,G9,G10,G11,G12,H1,H2,H3,H4,H5,H6,H7,H8,H9,H10,H11,H12
,0:00:50,37,0,1,0,0,1,0,1,0,0,1,0,1,1,0,0,1,0,1,1,0,1,1,0,1,0,0,1,0,1,1,0,1,1,0,1,1,0,1,0,1,0,0,1,1,0,1,1,1,1,1,0,1,0,0,1,0,1,1,0,1,0,1,0,0,1,0,0,1,0,1,1,0,1,1,0,1,2,0,1,1,0,1,1,1,1,1,1,1,0,1,1,0,1,1,1,1
,0:30:50,37,0,1,1,1,1,0,1,0,1,0,1,1,0,1,0,1,1,1,1,1,2,1,5,1,1,0,1,0,1,1,1,1,1,2,4,1,1,0,1,1,1,1,0,1,1,1,5,0,1,0,2,0,1,1,1,1,1,2,5,1,1,0,1,1,1,1,0,1,0,2,5,1,0,1,0,2,1,1,0,1,1,1,6,1,1,0,1,0,1,1,1,1,0,1,0,1
,1:00:50,37,1,1,1,1,0,1,1,1,1,1,1,1,1,1,0,1,1,1,1,0,2,1,11,1,1,1,0,1,0,1,1,1,1,1,10,1,1,1,0,1,0,1,1,1,1,1,8,1,1,1,1,1,1,1,1,1,1,2,9,1,1,1,0,1,1,0,2,1,1,2,8,1,0,1,1,1,1,1,1,0,1,1,12,1,1,1,1,1,0,1,1,1,2,0,1,0
,1:30:50,37,0,1,1,1,1,0,1,1,1,1,1,1,1,1,1,1,1,0,1,1,0,2,12,1,0,1,0,1,1,1,2,0,1,1,10,0,0,1,1,0,1,0,1,1,1,1,7,1,1,1,1,1,1,1,0,1,1,1,13,0,1,1,2,0,1,1,1,1,1,2,10,1,1,1,2,0,1,1,1,1,1,2,12,1,0,1,1,1,1,0,1,1,0,1,1,1
,2:00:50,37,1,1,1,1,0,1,1,0,1,0,1,1,0,1,0,2,0,1,1,0,1,1,13,1,1,1,1,1,0,1,1,1,1,1,12,0,1,1,1,1,1,1,1,0,1,1,7,1,1,0,1,1,1,1,0,1,1,2,12,1,1,0,1,1,1,1,0,1,1,2,9,1,0,1,1,1,1,1,2,0,1,1,13,1,1,2,0,1,1,1,1,0,1,0,1,1
,2:30:50,37,1,1,1,1,1,1,1,1,0,1,1,1,1,1,1,2,1,1,0,1,1,2,13,1,0,1,0,1,0,1,1,1,1,2,14,1,1,1,1,1,1,1,1,1,1,2,9,1,1,0,1,0,1,0,1,1,0,1,13,1,0,1,1,1,1,1,1,1,1,1,12,0,1,1,1,1,1,1,0,2,1,2,14,2,0,1,0,1,0,1,0,1,1,1,1,0
,3:00:50,37,1,1,1,0,1,0,1,1,1,1,1,1,1,1,1,1,1,1,1,1,2,1,40,1,1,0,1,1,1,1,0,1,1,2,35,2,1,0,1,0,1,1,1,1,0,3,23,1,1,1,1,1,1,1,2,1,1,1,36,1,1,1,1,1,0,2,1,1,2,1,30,1,1,1,1,2,1,1,1,1,1,1,37,1,1,1,1,1,1,0,1,0,1,1,1,1
,3:30:50,37,1,1,1,1,1,1,1,1,0,2,1,1,1,1,1,1,1,1,1,2,1,3,87,1,1,0,1,1,1,1,0,1,1,2,71,1,1,1,1,1,1,1,2,0,1,2,52,1,2,1,1,1,1,1,1,1,1,3,70,0,1,0,1,1,0,1,1,1,1,1,61,2,1,0,1,1,1,1,1,1,0,2,72,1,1,1,1,0,1,1,1,2,1,1,1,1
,4:00:50,37,1,1,1,0,1,1,1,2,0,1,1,0,0,1,1,0,2,1,1,1,1,2,138,2,1,1,1,1,1,1,1,1,2,3,119,2,0,1,1,1,2,1,1,1,1,3,86,1,1,0,1,1,1,1,1,1,1,3,123,1,1,1,1,1,1,1,1,1,1,3,107,1,1,0,1,1,1,1,1,2,0,3,118,1,0,1,1,1,1,0,1,0,1,1,1,2
,4:30:50,37,1,1,1,0,1,1,1,1,0,1,2,1,1,1,1,1,1,1,2,1,1,3,230,2,0,1,1,1,2,1,1,1,2,3,197,2,1,0,1,1,1,2,1,2,1,2,148,1,1,1,1,1,1,1,1,2,1,3,190,2,0,1,1,0,1,1,2,1,1,3,163,2,1,0,1,1,0,2,1,1,1,2,185,1,1,1,1,1,1,0,1,0,1,1,2,2
,5:00:50,37,2,0,1,1,1,1,1,1,1,1,2,2,1,1,1,1,1,2,1,1,2,3,338,1,1,0,1,1,1,1,1,2,1,3,289,2,0,1,1,1,1,1,2,1,2,3,208,2,1,1,1,2,1,1,2,1,2,3,256,2,1,1,2,1,1,2,1,2,1,3,222,2,1,1,1,0,1,1,1,1,1,3,258,2,1,1,0,1,1,0,1,1,1,2,2,1
,5:30:50,37,0,1,1,1,1,0,1,1,0,2,2,1,1,1,1,2,2,2,2,2,3,5,455,3,1,2,1,1,1,2,3,2,2,4,359,3,0,2,1,1,2,1,2,3,2,4,260,2,1,1,1,1,1,2,2,3,3,4,338,3,0,1,2,1,1,2,1,4,2,4,296,2,1,1,2,2,1,2,2,2,3,3,346,3,0,1,1,0,1,1,1,2,1,1,2,1
,6:00:50,37,1,1,1,0,1,1,1,2,1,2,3,1,1,1,2,2,8,8,7,10,9,3,589,3,0,2,2,1,7,10,12,15,11,4,457,3,1,1,3,2,7,10,10,16,9,4,340,3,1,1,2,2,7,13,8,17,11,4,432,3,1,1,2,2,4,13,11,15,11,4,380,3,1,2,2,3,7,7,8,12,10,3,453,2,1,1,1,1,0,1,1,1,1,1,3,1
,6:30:50,37,0,1,1,1,2,1,1,1,1,2,3,2,0,3,8,7,13,38,35,29,50,7,773,4,1,2,6,6,14,40,37,33,55,5,579,3,0,3,8,10,12,32,35,27,49,5,432,4,1,3,6,8,11,35,31,35,45,4,550,4,1,2,6,6,9,48,40,35,43,4,495,3,1,2,6,9,10,32,32,20,38,4,566,2,0,1,0,1,1,1,1,1,2,2,3,2
,7:00:50,37,0,1,0,1,2,1,2,1,2,2,3,2,1,3,13,12,24,64,52,46,97,7,982,5,1,2,13,12,21,56,53,42,92,6,749,4,2,3,12,12,17,48,44,37,66,6,570,4,1,2,9,10,16,44,41,44,52,5,695,4,0,3,10,13,14,52,48,42,51,6,630,5,1,2,8,12,15,39,44,26,51,7,738,4,1,0,1,1,1,2,1,2,2,1,4,1
,7:30:50,36.9,1,1,1,1,1,2,1,1,3,3,5,3,1,3,21,15,35,78,67,65,113,8,1288,5,1,4,15,14,31,72,67,58,97,7,956,5,1,4,17,17,28,72,68,54,79,8,758,5,0,4,14,18,28,69,64,56,83,7,908,5,0,3,14,14,26,70,69,50,75,8,847,5,1,3,16,16,24,60,64,44,79,7,981,6,0,1,1,1,2,1,1,2,2,3,5,2
,8:00:50,37,2,1,1,2,1,2,1,3,2,3,7,3,1,6,30,25,48,110,101,84,142,11,1733,7,0,5,29,22,46,110,100,84,130,10,1277,7,1,5,27,29,41,104,103,81,123,10,1002,6,1,7,24,28,40,104,105,78,124,10,1217,6,1,5,24,25,37,107,106,71,117,9,1126,7,1,5,24,28,35,97,97,67,117,8,1346,5,0,1,1,1,2,1,2,2,3,3,5,3
,8:30:50,37,1,1,2,1,2,2,2,3,3,5,8,5,2,8,43,44,62,161,154,106,203,12,2245,7,1,9,44,34,59,163,153,107,202,13,1634,7,1,8,43,47,60,158,152,108,184,12,1291,8,1,8,38,43,57,152,146,106,175,11,1564,8,1,7,40,39,55,153,150,96,172,13,1465,8,1,7,43,42,55,148,143,88,177,11,1794,8,0,1,1,1,2,1,3,3,2,4,7,4
,9:00:50,37,1,1,2,1,2,3,3,3,3,4,11,5,2,10,66,63,82,220,218,133,288,17,2705,11,1,10,63,53,79,211,207,142,258,17,2008,11,1,12,61,64,81,208,206,133,232,16,1607,10,1,9,53,59,75,204,194,131,231,16,1934,10,1,10,57,54,77,196,196,118,233,17,1792,9,1,9,61,59,79,192,195,113,227,13,2212,9,2,0,2,1,2,2,3,3,3,5,9,5
,9:30:50,37,1,1,2,2,2,4,4,3,6,6,13,5,1,15,86,80,104,278,280,168,369,19,3209,11,2,14,84,74,102,276,259,165,327,16,2401,11,1,14,85,88,97,261,259,156,298,19,1915,13,1,13,74,79,96,260,245,150,300,20,2301,12,2,13,79,73,98,261,253,142,300,18,2084,12,1,13,79,81,98,261,254,138,297,17,2688,12,1,1,2,2,3,3,2,3,3,6,10,5
,10:00:50,37,1,1,2,3,3,4,3,4,5,6,14,6,1,20,112,112,124,357,365,206,465,23,3703,14,2,20,113,100,121,347,339,198,421,22,2755,13,1,17,111,117,120,338,330,182,381,20,2208,13,1,18,101,107,123,331,321,176,383,21,2639,14,2,18,103,99,108,344,328,166,387,20,2424,12,1,18,109,113,119,347,353,169,392,21,3124,13,1,2,2,2,2,3,3,4,5,5,13,5
,10:30:50,37,1,2,2,2,3,3,5,5,5,8,17,6,2,23,140,137,161,436,445,248,572,25,4176,17,1,26,145,134,149,426,400,232,512,25,3070,14,2,23,143,150,156,416,403,217,474,24,2482,13,2,22,128,128,152,407,395,201,471,24,2919,14,1,23,131,124,145,445,419,198,476,24,2680,14,2,24,134,144,146,471,474,206,527,22,3488,12,1,2,3,2,3,4,5,4,5,6,13,6
,11:00:50,37,1,2,2,4,3,5,5,4,6,9,17,7,2,32,165,163,201,540,546,299,703,29,4589,16,1,34,170,157,192,527,504,265,659,29,3329,16,2,31,169,178,197,502,506,252,592,27,2641,16,2,28,160,159,197,506,490,249,591,26,3124,15,2,32,161,156,178,622,591,236,609,27,2885,16,1,30,168,191,181,660,675,242,725,24,3731,13,1,2,2,2,4,5,5,6,7,6,13,6
,11:30:50,37,1,2,2,4,5,6,8,6,8,9,20,7,2,48,211,204,249,700,701,340,935,31,4934,17,2,47,219,197,235,689,642,302,900,32,3469,17,2,46,208,227,240,646,643,289,770,31,2815,17,1,43,200,203,238,657,663,274,797,29,3288,16,2,43,200,216,218,899,849,268,842,31,3034,18,2,45,225,269,215,946,999,288,1120,29,3971,16,1,2,4,3,4,7,7,7,7,9,15,6
,12:00:50,37,1,3,3,3,6,5,9,8,10,10,21,8,2,52,269,271,305,896,908,393,1212,38,5309,20,2,57,288,263,296,885,840,363,1153,37,3665,19,2,56,274,304,292,846,855,348,1024,34,2985,17,2,53,262,271,293,879,912,325,1069,37,3477,18,2,55,264,300,265,1250,1174,316,1201,37,3222,19,2,53,286,364,262,1300,1373,340,1601,34,4171,17,2,2,3,5,5,8,10,6,10,10,15,7
,12:30:50,37,1,4,4,5,7,9,10,8,11,11,21,8,3,61,327,333,363,1115,1120,428,1559,38,5697,21,2,69,353,325,345,1117,1093,405,1483,38,3890,20,3,61,340,372,334,1056,1090,385,1300,38,3161,17,2,61,330,335,339,1130,1200,369,1396,39,3655,20,2,63,315,382,314,1628,1511,361,1591,39,3382,20,2,66,362,456,299,1714,1777,366,2152,38,4435,19,1,3,4,6,7,10,10,9,12,12,17,6
,13:00:50,37,2,3,5,5,7,9,10,11,12,12,22,9,2,78,406,401,415,1353,1391,468,1892,43,6034,23,3,81,420,401,399,1370,1359,455,1782,42,4089,21,3,73,395,434,384,1330,1340,434,1605,41,3349,20,3,70,387,429,380,1358,1479,409,1749,42,3846,21,2,71,383,478,357,1967,1837,400,2004,43,3537,20,3,73,433,551,327,2098,2155,422,2670,39,4642,19,3,3,5,7,7,12,12,12,14,11,16,7
,13:30:50,36.9,3,3,5,7,8,12,11,10,13,12,25,9,4,87,464,474,457,1580,1655,513,2259,45,6425,24,3,88,495,459,424,1641,1632,496,2115,46,4322,25,2,81,450,506,414,1576,1611,467,1898,44,3512,20,3,82,455,498,406,1591,1750,437,2105,44,4005,21,3,79,442,542,376,2238,2088,430,2403,44,3709,23,3,82,501,605,348,2389,2457,446,3141,42,4877,19,3,3,5,6,7,15,17,10,17,11,19,9
,14:00:50,37,3,3,6,6,9,12,13,13,14,14,25,10,3,93,536,531,480,1790,1899,528,2596,48,6816,26,2,90,551,526,447,1830,1875,515,2369,51,4533,26,3,90,502,562,438,1773,1854,499,2210,49,3720,23,3,89,489,542,426,1796,1954,467,2431,48,4199,22,3,80,483,591,403,2454,2276,454,2740,50,3888,25,2,87,543,650,363,2619,2689,480,3465,49,5024,21,2,3,6,7,8,14,17,12,19,11,22,8
,14:30:50,37,3,3,7,7,10,13,14,13,16,14,27,11,3,99,559,550,503,1932,2086,578,2866,55,7159,28,3,100,571,556,469,1991,2062,541,2621,51,4765,23,4,89,520,593,452,1930,1989,519,2437,50,3886,23,3,92,521,583,449,1921,2119,480,2652,52,4388,23,3,89,501,617,429,2653,2469,486,2981,53,4060,25,3,92,577,694,393,2855,2933,510,3826,49,5344,22,2,3,5,7,9,15,16,13,18,16,22,10
,15:00:50,37,3,3,7,8,9,15,15,13,18,14,28,10,3,103,586,583,522,2031,2207,604,3057,57,7469,27,4,105,580,582,489,2079,2197,562,2768,52,4922,26,3,96,540,602,471,2044,2099,547,2596,58,4093,25,4,92,540,611,480,2049,2258,506,2860,55,4605,24,4,90,528,657,442,2895,2651,504,3251,52,4231,26,2,96,601,737,403,3081,3163,527,4178,49,5552,22,3,3,6,7,9,17,19,15,20,16,20,9
,15:30:50,37,3,4,7,7,10,14,16,14,20,16,31,11,3,102,617,605,548,2121,2308,634,3270,59,7876,28,4,106,597,611,510,2199,2297,585,2954,56,5157,29,3,96,553,622,495,2175,2249,564,2769,58,4272,24,3,99,564,653,492,2193,2417,524,3100,60,4796,26,4,95,559,709,457,3077,2845,529,3560,59,4434,26,2,96,643,786,419,3347,3440,546,4567,55,5794,23,2,3,5,9,10,19,19,14,21,15,24,11
,16:00:50,37,3,4,7,9,8,16,18,14,20,15,31,12,3,114,641,626,558,2220,2458,658,3490,65,8354,31,3,109,629,637,519,2320,2440,587,3185,58,5369,28,3,101,563,649,505,2299,2384,579,2949,60,4582,29,4,100,586,675,501,2310,2586,542,3361,61,4999,27,1,93,569,743,477,3310,3061,537,3852,61,4663,30,3,102,666,850,421,3558,3673,558,4976,58,6096,27,2,3,6,7,10,18,22,15,22,17,23,10
,16:30:50,37,2,5,5,8,10,16,17,16,21,17,33,13,3,117,677,637,581,2301,2582,683,3706,66,8958,33,3,112,657,651,537,2471,2592,621,3361,63,5632,31,2,103,578,662,527,2444,2519,595,3145,64,4882,29,4,97,592,723,523,2438,2724,558,3613,61,5244,28,3,95,590,799,489,3548,3264,558,4159,65,4907,31,2,103,711,904,439,3813,3912,583,5278,62,6377,26,2,4,7,9,11,20,23,15,25,17,24,11
,17:00:50,37,3,4,9,9,10,18,18,17,22,18,36,14,3,117,688,672,593,2387,2705,714,3949,69,9598,33,3,115,673,665,560,2582,2784,636,3606,70,5903,30,3,100,584,684,547,2567,2685,603,3336,70,5325,31,5,102,612,756,545,2577,2907,564,3871,66,5505,30,4,99,626,852,504,3836,3455,572,4441,69,5228,31,3,102,761,962,454,4076,4194,603,5622,66,6749,25,2,4,8,9,12,20,22,18,27,16,26,12
,17:30:50,37,2,5,7,9,11,17,20,16,21,20,40,15,4,117,727,689,615,2451,2818,740,4194,73,10387,38,3,112,699,677,576,2732,2931,660,3850,74,6319,33,4,104,603,707,558,2712,2812,634,3591,75,5870,31,4,107,644,837,566,2725,3064,574,4137,73,5824,32,4,99,664,911,529,4098,3694,600,4732,72,5589,32,3,104,812,1036,468,4392,4458,622,5963,69,7157,27,2,4,8,10,11,25,24,18,27,19,27,13
,18:00:50,37,3,4,7,9,11,19,21,17,24,20,39,15,3,126,749,708,644,2566,2967,767,4439,80,11045,40,5,121,719,697,589,2885,3151,682,4084,78,6802,36,4,111,620,720,575,2891,3019,645,3846,78,6394,36,4,108,680,877,577,2870,3274,602,4415,78,6254,33,3,104,692,988,539,4416,3910,609,5043,78,6083,38,3,103,872,1120,491,4706,4792,646,6392,72,7642,30,3,3,8,12,12,24,26,19,30,21,30,12
,18:30:50,37,3,6,7,11,12,19,23,19,26,23,42,18,3,126,786,740,655,2645,3070,817,4674,83,11665,42,4,123,761,719,621,3042,3311,710,4334,82,7375,40,4,104,625,748,598,3060,3191,676,4060,83,6921,38,3,110,708,926,597,3026,3501,617,4714,76,6770,36,4,105,732,1049,556,4767,4217,638,5410,85,6545,42,4,108,936,1206,493,5028,5066,676,6885,77,8028,31,3,4,8,11,13,24,28,21,32,19,32,13
,19:00:50,37,3,6,7,9,13,18,21,20,28,23,41,16,4,125,829,767,672,2757,3194,861,4961,87,12163,44,5,118,801,734,640,3266,3546,756,4717,90,7859,39,3,108,643,795,619,3281,3424,704,4373,91,7322,40,4,109,741,1032,620,3196,3769,648,5084,82,7274,38,4,107,779,1143,574,5092,4492,666,5818,89,7014,42,3,107,1006,1278,508,5365,5400,713,7341,83,8447,33,3,4,8,11,13,28,30,24,32,20,31,14
,19:30:50,37,3,5,9,10,14,19,24,19,29,25,49,18,3,126,867,815,693,2839,3365,924,5362,92,12712,47,4,124,842,768,654,3506,3838,822,5159,95,8340,45,4,108,670,826,640,3560,3701,740,4745,93,7702,41,5,109,796,1112,635,3453,4065,689,5458,92,7761,40,5,105,854,1222,587,5406,4812,688,6231,97,7469,47,4,111,1087,1376,524,5630,5772,753,7795,85,8867,36,3,5,8,13,15,26,29,24,34,25,33,14
,20:00:50,37,4,6,9,11,13,22,26,22,29,26,49,19,5,132,920,869,727,2946,3582,985,5828,98,13322,48,4,122,919,790,676,3887,4211,850,5550,98,8784,44,5,111,687,891,656,3921,4027,786,5168,92,8121,45,4,108,869,1204,649,3766,4392,727,5911,95,8233,43,4,105,915,1300,597,5697,5118,751,6659,99,7869,49,4,108,1188,1470,533,5934,6073,785,8256,87,9245,37,3,5,10,12,16,29,31,25,33,25,36,16
,20:30:50,37,4,6,11,11,14,25,27,23,31,25,53,18,4,125,1005,925,740,3108,3789,1032,6277,102,13896,49,4,125,1012,832,696,4212,4575,900,5958,103,9082,45,5,113,710,966,675,4274,4416,830,5597,103,8561,46,5,114,934,1319,660,4061,4673,769,6277,96,8693,47,4,110,989,1398,608,6012,5379,787,7063,102,8312,55,4,111,1239,1547,532,6231,6434,820,8695,93,9650,39,3,5,8,16,15,32,33,25,37,26,37,16
,21:00:50,37,5,6,11,11,16,26,28,26,35,25,59,19,4,135,1104,1013,762,3341,4126,1082,6561,103,14535,54,4,126,1082,877,713,4499,4955,961,6204,107,9504,46,6,109,760,1059,704,4654,4720,866,5994,110,9005,49,5,108,1003,1410,681,4270,4928,802,6643,103,9143,48,5,106,1066,1475,630,6316,5703,823,7488,109,8705,54,3,114,1308,1646,550,6491,6713,861,9149,101,10100,45,4,4,8,15,16,31,37,25,42,29,42,17
,21:30:50,36.9,4,7,11,13,17,29,31,26,38,29,57,21,4,133,1175,1106,781,3560,4444,1123,6871,110,15031,54,5,130,1167,939,750,4814,5258,979,6468,113,9951,48,6,109,804,1148,730,4926,5047,916,6327,114,9426,52,6,115,1105,1477,731,4539,5201,843,7001,111,9594,49,4,112,1148,1556,655,6548,5973,867,7868,111,9129,57,5,108,1395,1731,553,6779,7050,910,9508,104,10410,42,4,5,10,13,18,31,35,28,42,28,41,19
,22:00:50,37,5,7,9,14,16,27,32,26,40,29,58,22,5,135,1262,1163,824,3761,4729,1155,7130,117,15517,55,6,130,1242,1012,773,5045,5600,1021,6847,112,10318,53,6,115,860,1229,749,5238,5326,943,6651,118,9858,54,6,120,1162,1586,750,4736,5361,891,7408,113,10031,52,6,114,1209,1648,666,6808,6274,897,8269,116,9545,61,5,123,1462,1816,585,7024,7317,929,9893,102,10791,45,4,5,10,15,19,36,39,28,41,29,42,17
,22:30:50,36.9,5,6,11,14,17,31,33,25,38,28,63,20,6,140,1319,1210,851,3899,4992,1224,7442,117,16113,59,5,134,1293,1056,814,5397,5893,1057,7117,120,10682,56,5,116,906,1286,782,5493,5614,976,6933,123,10258,53,6,117,1253,1644,771,4924,5641,914,7733,119,10453,54,5,115,1262,1703,695,6987,6539,929,8610,121,10015,66,4,124,1544,1861,593,7211,7512,969,10169,110,11165,44,4,6,12,14,18,35,38,32,45,28,46,21
,23:00:50,37,4,6,13,15,16,30,33,31,40,31,62,23,5,145,1386,1263,866,4093,5184,1251,7696,122,16583,62,6,143,1374,1101,832,5689,6139,1079,7441,122,11163,60,5,119,950,1366,813,5763,5885,1029,7217,128,10590,59,7,123,1307,1730,804,5128,5908,959,8097,125,10817,56,5,120,1318,1782,709,7219,6719,967,8896,126,10381,65,4,126,1597,1955,609,7412,7728,991,10459,118,11593,48,3,5,11,15,18,37,41,31,45,35,45,20
,23:30:50,37,6,7,12,15,17,29,35,30,41,31,59,22,5,153,1451,1305,891,4217,5384,1279,7939,131,16980,62,7,142,1411,1142,871,5942,6436,1098,7697,134,11313,58,7,128,987,1444,829,5962,6093,1036,7490,131,10984,55,5,129,1375,1776,829,5293,6138,977,8400,129,11282,59,5,119,1395,1839,724,7411,6933,990,9178,129,10586,67,4,124,1651,1987,627,7630,7943,1019,10744,113,11850,48,4,7,13,15,21,37,45,33,47,33,46,22
,24:00:50,37.1,5,7,13,17,20,32,36,30,42,33,64,25,5,159,1499,1387,914,4356,5660,1310,8301,129,17408,63,5,145,1492,1178,879,6159,6652,1142,8049,137,11863,62,5,128,1022,1494,851,6158,6375,1074,7812,143,11396,59,6,132,1422,1853,852,5445,6282,999,8744,135,11666,60,6,126,1445,1875,758,7526,7115,1036,9517,131,11023,74,5,131,1704,2040,652,7857,8114,1047,11012,119,12284,51,5,7,14,17,19,39,44,32,48,33,48,22
,,,,,,,,,,,,,,,,,,,,,,,,,,,,,,,,,,,,,,,,,,,,,,,,,,,,,,,,,,,,,,,,,,,,,,,,,,,,,,,,,,,,,,,,,,,,,,,,,,
Results,,,,,,,,,,,,,,,,,,,,,,,,,,,,,,,,,,,,,,,,,,,,,,,,,,,,,,,,,,,,,,,,,,,,,,,,,,,,,,,,,,,,,,,,,,,,,,,,,,
,,,,,,,,,,,,,,,,,,,,,,,,,,,,,,,,,,,,,,,,,,,,,,,,,,,,,,,,,,,,,,,,,,,,,,,,,,,,,,,,,,,,,,,,,,,,,,,,,,
,,1,2,3,4,5,6,7,8,9,10,11,12,,,,,,,,,,,,,,,,,,,,,,,,,,,,,,,,,,,,,,,,,,,,,,,,,,,,,,,,,,,,,,,,,,,,,,,,,,,,,,,,,,,,,
,A,-0.004,-0.005,0.003,-0.004,-0.005,0.014,0.004,0.004,-0.005,0.004,-0.005,-0.004,Max V [Read 1:600],,,,,,,,,,,,,,,,,,,,,,,,,,,,,,,,,,,,,,,,,,,,,,,,,,,,,,,,,,,,,,,,,,,,,,,,,,,,,,,,,,,,
,,0.644,0.781,0.581,0.692,0.527,0.949,0.818,0.5,0.574,0.692,0.889,0.488,R-Squared [Read 1:600],,,,,,,,,,,,,,,,,,,,,,,,,,,,,,,,,,,,,,,,,,,,,,,,,,,,,,,,,,,,,,,,,,,,,,,,,,,,,,,,,,,,
,,1:00:09,22:00:09,12:30:09,1:00:09,1:00:09,10:30:09,12:30:09,9:30:09,1:00:09,9:30:09,1:00:09,1:00:09,t at Max V [Read 1:600],,,,,,,,,,,,,,,,,,,,,,,,,,,,,,,,,,,,,,,,,,,,,,,,,,,,,,,,,,,,,,,,,,,,,,,,,,,,,,,,,,,,
,,?????,20:56:09,13:18:09,?????,?????,8:59:25,11:30:09,7:45:09,?????,11:15:09,?????,?????,Lagtime [Read 1:600],,,,,,,,,,,,,,,,,,,,,,,,,,,,,,,,,,,,,,,,,,,,,,,,,,,,,,,,,,,,,,,,,,,,,,,,,,,,,,,,,,,,
,,20,16.667,33.333,30,36.667,80,56.667,60,96.667,46.667,133.333,36.667,Max V [Read 2:Lum],,,,,,,,,,,,,,,,,,,,,,,,,,,,,,,,,,,,,,,,,,,,,,,,,,,,,,,,,,,,,,,,,,,,,,,,,,,,,,,,,,,,
,,0.9,0.781,0.893,0.88,0.945,0.98,0.938,0.931,0.987,0.925,0.926,0.864,R-Squared [Read 2:Lum],,,,,,,,,,,,,,,,,,,,,,,,,,,,,,,,,,,,,,,,,,,,,,,,,,,,,,,,,,,,,,,,,,,,,,,,,,,,,,,,,,,,
,,13:00:50,11:30:50,19:30:50,21:30:50,11:30:50,20:30:50,20:00:50,20:30:50,21:00:50,17:30:50,20:00:50,17:30:50,t at Max V [Read 2:Lum],,,,,,,,,,,,,,,,,,,,,,,,,,,,,,,,,,,,,,,,,,,,,,,,,,,,,,,,,,,,,,,,,,,,,,,,,,,,,,,,,,,,
,,11:20:50,9:54:50,15:12:50,14:30:50,9:47:12,15:28:20,12:53:46,14:04:10,15:02:54,10:52:16,13:44:20,11:09:01,Lagtime [Read 2:Lum],,,,,,,,,,,,,,,,,,,,,,,,,,,,,,,,,,,,,,,,,,,,,,,,,,,,,,,,,,,,,,,,,,,,,,,,,,,,,,,,,,,,
,B,-0.005,0.585,0.634,0.653,0.573,0.569,0.63,0.511,0.633,0.642,0.657,-0.006,Max V [Read 1:600],,,,,,,,,,,,,,,,,,,,,,,,,,,,,,,,,,,,,,,,,,,,,,,,,,,,,,,,,,,,,,,,,,,,,,,,,,,,,,,,,,,,
,,0.889,1,0.999,0.998,0.999,1,1,1,1,1,0.998,0.578,R-Squared [Read 1:600],,,,,,,,,,,,,,,,,,,,,,,,,,,,,,,,,,,,,,,,,,,,,,,,,,,,,,,,,,,,,,,,,,,,,,,,,,,,,,,,,,,,
,,22:00:09,7:30:09,17:00:09,15:30:09,8:30:09,14:30:09,16:00:09,7:30:09,14:30:09,11:30:09,12:30:09,1:00:09,t at Max V [Read 1:600],,,,,,,,,,,,,,,,,,,,,,,,,,,,,,,,,,,,,,,,,,,,,,,,,,,,,,,,,,,,,,,,,,,,,,,,,,,,,,,,,,,,
,,22:15:09,4:49:42,6:32:33,6:50:34,5:17:52,5:26:42,6:08:49,4:54:26,5:41:37,2:45:17,3:08:24,?????,Lagtime [Read 1:600],,,,,,,,,,,,,,,,,,,,,,,,,,,,,,,,,,,,,,,,,,,,,,,,,,,,,,,,,,,,,,,,,,,,,,,,,,,,,,,,,,,,
,,16.667,360,2846.667,2563.333,1806.667,7510,10030,1846.667,13716.667,163.333,22870,86.667,Max V [Read 2:Lum],,,,,,,,,,,,,,,,,,,,,,,,,,,,,,,,,,,,,,,,,,,,,,,,,,,,,,,,,,,,,,,,,,,,,,,,,,,,,,,,,,,,
,,0.781,0.973,0.998,0.992,0.999,1,0.997,0.996,0.994,0.995,0.998,0.949,R-Squared [Read 2:Lum],,,,,,,,,,,,,,,,,,,,,,,,,,,,,,,,,,,,,,,,,,,,,,,,,,,,,,,,,,,,,,,,,,,,,,,,,,,,,,,,,,,,
,,21:30:50,13:00:50,21:00:50,21:00:50,12:00:50,13:00:50,21:30:50,19:30:50,20:00:50,19:30:50,17:30:50,18:00:50,t at Max V [Read 2:Lum],,,,,,,,,,,,,,,,,,,,,,,,,,,,,,,,,,,,,,,,,,,,,,,,,,,,,,,,,,,,,,,,,,,,,,,,,,,,,,,,,,,,
,,17:54:50,9:34:43,14:36:48,14:25:11,9:11:08,10:01:38,14:10:39,11:10:35,12:58:13,10:11:14,9:59:07,10:37:45,Lagtime [Read 2:Lum],,,,,,,,,,,,,,,,,,,,,,,,,,,,,,,,,,,,,,,,,,,,,,,,,,,,,,,,,,,,,,,,,,,,,,,,,,,,,,,,,,,,
,C,-0.004,0.591,0.63,0.573,0.592,0.666,0.71,0.504,0.669,0.713,0.568,-0.006,Max V [Read 1:600],,,,,,,,,,,,,,,,,,,,,,,,,,,,,,,,,,,,,,,,,,,,,,,,,,,,,,,,,,,,,,,,,,,,,,,,,,,,,,,,,,,,
,,0.672,1,1,0.999,0.999,0.999,0.999,1,1,0.999,0.999,0.723,R-Squared [Read 1:600],,,,,,,,,,,,,,,,,,,,,,,,,,,,,,,,,,,,,,,,,,,,,,,,,,,,,,,,,,,,,,,,,,,,,,,,,,,,,,,,,,,,
,,11:30:09,7:00:09,14:30:09,14:30:09,9:00:09,15:00:09,15:30:09,8:00:09,15:00:09,10:30:09,11:30:09,1:00:09,t at Max V [Read 1:600],,,,,,,,,,,,,,,,,,,,,,,,,,,,,,,,,,,,,,,,,,,,,,,,,,,,,,,,,,,,,,,,,,,,,,,,,,,,,,,,,,,,
,,11:30:09,4:56:11,6:29:08,5:54:40,5:13:28,6:29:35,6:58:24,4:54:53,6:17:11,3:21:14,2:05:44,?????,Lagtime [Read 1:600],,,,,,,,,,,,,,,,,,,,,,,,,,,,,,,,,,,,,,,,,,,,,,,,,,,,,,,,,,,,,,,,,,,,,,,,,,,,,,,,,,,,
,,16.667,386.667,2710,2206.667,1746.667,10760,11946.667,1626.667,13603.333,213.333,16996.667,120,Max V [Read 2:Lum],,,,,,,,,,,,,,,,,,,,,,,,,,,,,,,,,,,,,,,,,,,,,,,,,,,,,,,,,,,,,,,,,,,,,,,,,,,,,,,,,,,,
,,0.893,0.999,0.999,0.999,0.998,0.997,0.999,0.987,1,0.957,0.999,0.988,R-Squared [Read 2:Lum],,,,,,,,,,,,,,,,,,,,,,,,,,,,,,,,,,,,,,,,,,,,,,,,,,,,,,,,,,,,,,,,,,,,,,,,,,,,,,,,,,,,
,,9:00:50,12:00:50,20:30:50,12:30:50,12:00:50,20:30:50,20:30:50,20:00:50,19:30:50,23:00:50,18:30:50,22:00:50,t at Max V [Read 2:Lum],,,,,,,,,,,,,,,,,,,,,,,,,,,,,,,,,,,,,,,,,,,,,,,,,,,,,,,,,,,,,,,,,,,,,,,,,,,,,,,,,,,,
,,7:48:50,9:31:52,14:20:35,10:01:44,9:13:26,14:02:07,14:08:31,11:14:07,13:12:48,13:14:54,11:19:06,14:50:50,Lagtime [Read 2:Lum],,,,,,,,,,,,,,,,,,,,,,,,,,,,,,,,,,,,,,,,,,,,,,,,,,,,,,,,,,,,,,,,,,,,,,,,,,,,,,,,,,,,
,D,-0.004,0.596,0.584,0.649,0.583,0.676,0.685,0.491,0.666,0.687,0.59,-0.004,Max V [Read 1:600],,,,,,,,,,,,,,,,,,,,,,,,,,,,,,,,,,,,,,,,,,,,,,,,,,,,,,,,,,,,,,,,,,,,,,,,,,,,,,,,,,,,
,,0.65,1,0.999,0.998,1,0.998,0.999,1,0.999,0.999,0.999,0.41,R-Squared [Read 1:600],,,,,,,,,,,,,,,,,,,,,,,,,,,,,,,,,,,,,,,,,,,,,,,,,,,,,,,,,,,,,,,,,,,,,,,,,,,,,,,,,,,,
,,22:00:09,7:00:09,14:30:09,15:00:09,8:00:09,15:00:09,14:30:09,8:00:09,15:00:09,11:30:09,11:30:09,1:00:09,t at Max V [Read 1:600],,,,,,,,,,,,,,,,,,,,,,,,,,,,,,,,,,,,,,,,,,,,,,,,,,,,,,,,,,,,,,,,,,,,,,,,,,,,,,,,,,,,
,,21:37:04,4:44:49,5:57:36,6:43:12,5:01:07,6:38:05,6:42:20,4:51:16,6:28:58,3:13:08,2:14:09,?????,Lagtime [Read 1:600],,,,,,,,,,,,,,,,,,,,,,,,,,,,,,,,,,,,,,,,,,,,,,,,,,,,,,,,,,,,,,,,,,,,,,,,,,,,,,,,,,,,
,,23.333,336.667,2016.667,2860,1560,11550,11283.333,1533.333,13646.667,210,17156.667,86.667,Max V [Read 2:Lum],,,,,,,,,,,,,,,,,,,,,,,,,,,,,,,,,,,,,,,,,,,,,,,,,,,,,,,,,,,,,,,,,,,,,,,,,,,,,,,,,,,,
,,0.942,0.976,0.998,0.999,0.999,0.997,0.999,0.995,0.999,0.947,0.999,0.977,R-Squared [Read 2:Lum],,,,,,,,,,,,,,,,,,,,,,,,,,,,,,,,,,,,,,,,,,,,,,,,,,,,,,,,,,,,,,,,,,,,,,,,,,,,,,,,,,,,
,,20:00:50,11:00:50,12:30:50,21:00:50,12:00:50,20:30:50,20:30:50,12:00:50,20:00:50,21:00:50,17:30:50,20:30:50,t at Max V [Read 2:Lum],,,,,,,,,,,,,,,,,,,,,,,,,,,,,,,,,,,,,,,,,,,,,,,,,,,,,,,,,,,,,,,,,,,,,,,,,,,,,,,,,,,,
,,16:43:41,9:21:02,9:45:31,14:51:03,8:55:19,14:21:24,14:02:33,8:18:42,13:41:35,12:34:10,11:48:16,11:44:41,Lagtime [Read 2:Lum],,,,,,,,,,,,,,,,,,,,,,,,,,,,,,,,,,,,,,,,,,,,,,,,,,,,,,,,,,,,,,,,,,,,,,,,,,,,,,,,,,,,
,E,-0.003,0.599,0.673,0.83,0.586,0.677,0.739,0.513,0.788,0.742,0.578,-0.005,Max V [Read 1:600],,,,,,,,,,,,,,,,,,,,,,,,,,,,,,,,,,,,,,,,,,,,,,,,,,,,,,,,,,,,,,,,,,,,,,,,,,,,,,,,,,,,
,,0.439,1,0.997,1,0.999,0.999,0.999,0.999,0.999,0.998,1,0.338,R-Squared [Read 1:600],,,,,,,,,,,,,,,,,,,,,,,,,,,,,,,,,,,,,,,,,,,,,,,,,,,,,,,,,,,,,,,,,,,,,,,,,,,,,,,,,,,,
,,16:30:09,7:00:09,15:00:09,15:00:09,8:30:09,15:30:09,14:30:09,9:30:09,14:30:09,11:00:09,3:30:09,1:00:09,t at Max V [Read 1:600],,,,,,,,,,,,,,,,,,,,,,,,,,,,,,,,,,,,,,,,,,,,,,,,,,,,,,,,,,,,,,,,,,,,,,,,,,,,,,,,,,,,
,,12:54:09,4:53:03,6:54:13,8:15:33,5:04:20,6:46:34,7:14:28,4:52:33,7:33:28,3:53:26,1:28:19,?????,Lagtime [Read 1:600],,,,,,,,,,,,,,,,,,,,,,,,,,,,,,,,,,,,,,,,,,,,,,,,,,,,,,,,,,,,,,,,,,,,,,,,,,,,,,,,,,,,
,,16.667,343.333,2656.667,3210,1566.667,9186.667,9890,1383.333,13176.667,186.667,16496.667,90,Max V [Read 2:Lum],,,,,,,,,,,,,,,,,,,,,,,,,,,,,,,,,,,,,,,,,,,,,,,,,,,,,,,,,,,,,,,,,,,,,,,,,,,,,,,,,,,,
,,0.893,0.985,0.994,0.997,0.998,0.996,0.999,0.992,0.999,0.97,1,0.975,R-Squared [Read 2:Lum],,,,,,,,,,,,,,,,,,,,,,,,,,,,,,,,,,,,,,,,,,,,,,,,,,,,,,,,,,,,,,,,,,,,,,,,,,,,,,,,,,,,
,,21:00:50,11:30:50,21:30:50,20:00:50,11:30:50,20:00:50,19:30:50,12:00:50,19:30:50,21:30:50,19:00:50,19:30:50,t at Max V [Read 2:Lum],,,,,,,,,,,,,,,,,,,,,,,,,,,,,,,,,,,,,,,,,,,,,,,,,,,,,,,,,,,,,,,,,,,,,,,,,,,,,,,,,,,,
,,16:48:50,9:33:10,14:40:01,13:42:31,8:55:13,13:12:43,12:38:24,8:05:45,12:34:21,11:55:29,11:40:50,12:08:37,Lagtime [Read 2:Lum],,,,,,,,,,,,,,,,,,,,,,,,,,,,,,,,,,,,,,,,,,,,,,,,,,,,,,,,,,,,,,,,,,,,,,,,,,,,,,,,,,,,
,F,-0.004,0.589,0.646,0.932,0.567,0.848,0.825,0.479,0.876,0.694,0.629,0.793,Max V [Read 1:600],,,,,,,,,,,,,,,,,,,,,,,,,,,,,,,,,,,,,,,,,,,,,,,,,,,,,,,,,,,,,,,,,,,,,,,,,,,,,,,,,,,,
,,0.48,1,1,0.999,1,1,1,1,1,0.999,1,1,R-Squared [Read 1:600],,,,,,,,,,,,,,,,,,,,,,,,,,,,,,,,,,,,,,,,,,,,,,,,,,,,,,,,,,,,,,,,,,,,,,,,,,,,,,,,,,,,
,,15:00:09,7:00:09,14:00:09,14:00:09,7:30:09,13:30:09,14:00:09,7:00:09,14:30:09,10:30:09,3:00:09,21:30:09,t at Max V [Read 1:600],,,,,,,,,,,,,,,,,,,,,,,,,,,,,,,,,,,,,,,,,,,,,,,,,,,,,,,,,,,,,,,,,,,,,,,,,,,,,,,,,,,,
,,15:11:04,4:54:15,6:29:25,8:20:03,4:52:54,7:31:40,7:28:00,4:46:00,7:53:54,3:18:20,1:25:52,14:04:52,Lagtime [Read 1:600],,,,,,,,,,,,,,,,,,,,,,,,,,,,,,,,,,,,,,,,,,,,,,,,,,,,,,,,,,,,,,,,,,,,,,,,,,,,,,,,,,,,
,,16.667,343.333,2490,2850,1513.333,11396.667,10513.333,1433.333,13906.667,203.333,15636.667,113.333,Max V [Read 2:Lum],,,,,,,,,,,,,,,,,,,,,,,,,,,,,,,,,,,,,,,,,,,,,,,,,,,,,,,,,,,,,,,,,,,,,,,,,,,,,,,,,,,,
,,0.417,0.996,0.998,0.998,0.999,0.998,0.998,0.988,1,0.993,1,0.926,R-Squared [Read 2:Lum],,,,,,,,,,,,,,,,,,,,,,,,,,,,,,,,,,,,,,,,,,,,,,,,,,,,,,,,,,,,,,,,,,,,,,,,,,,,,,,,,,,,
,,17:00:50,11:30:50,21:00:50,19:30:50,12:00:50,12:00:50,12:00:50,20:30:50,20:00:50,18:30:50,18:30:50,18:30:50,t at Max V [Read 2:Lum],,,,,,,,,,,,,,,,,,,,,,,,,,,,,,,,,,,,,,,,,,,,,,,,,,,,,,,,,,,,,,,,,,,,,,,,,,,,,,,,,,,,
,,14:00:50,9:27:55,13:52:58,12:21:55,9:05:28,10:09:07,10:07:25,11:25:07,12:02:31,11:41:39,11:32:39,12:36:08,Lagtime [Read 2:Lum],,,,,,,,,,,,,,,,,,,,,,,,,,,,,,,,,,,,,,,,,,,,,,,,,,,,,,,,,,,,,,,,,,,,,,,,,,,,,,,,,,,,
,G,-0.006,0.587,0.788,0.894,0.545,0.86,0.868,0.512,0.968,0.745,0.607,-0.007,Max V [Read 1:600],,,,,,,,,,,,,,,,,,,,,,,,,,,,,,,,,,,,,,,,,,,,,,,,,,,,,,,,,,,,,,,,,,,,,,,,,,,,,,,,,,,,
,,0.92,1,1,0.999,1,1,1,1,1,1,1,0.416,R-Squared [Read 1:600],,,,,,,,,,,,,,,,,,,,,,,,,,,,,,,,,,,,,,,,,,,,,,,,,,,,,,,,,,,,,,,,,,,,,,,,,,,,,,,,,,,,
,,1:00:09,6:30:09,15:30:09,13:30:09,8:00:09,13:30:09,13:00:09,7:00:09,14:00:09,10:30:09,12:00:09,1:00:09,t at Max V [Read 1:600],,,,,,,,,,,,,,,,,,,,,,,,,,,,,,,,,,,,,,,,,,,,,,,,,,,,,,,,,,,,,,,,,,,,,,,,,,,,,,,,,,,,
,,?????,4:47:23,7:38:24,7:30:00,4:59:45,7:19:22,7:19:04,4:53:31,8:10:25,3:50:21,2:45:37,?????,Lagtime [Read 1:600],,,,,,,,,,,,,,,,,,,,,,,,,,,,,,,,,,,,,,,,,,,,,,,,,,,,,,,,,,,,,,,,,,,,,,,,,,,,,,,,,,,,
,,13.333,356.667,2626.667,3023.333,1290,12280,12460,1460,17036.667,173.333,14833.333,90,Max V [Read 2:Lum],,,,,,,,,,,,,,,,,,,,,,,,,,,,,,,,,,,,,,,,,,,,,,,,,,,,,,,,,,,,,,,,,,,,,,,,,,,,,,,,,,,,
,,0.8,0.986,0.992,0.999,0.997,0.997,0.999,0.991,0.999,0.966,1,0.911,R-Squared [Read 2:Lum],,,,,,,,,,,,,,,,,,,,,,,,,,,,,,,,,,,,,,,,,,,,,,,,,,,,,,,,,,,,,,,,,,,,,,,,,,,,,,,,,,,,
,,12:00:50,11:30:50,19:30:50,12:00:50,11:30:50,12:30:50,12:00:50,12:00:50,12:30:50,20:30:50,9:00:50,20:00:50,t at Max V [Read 2:Lum],,,,,,,,,,,,,,,,,,,,,,,,,,,,,,,,,,,,,,,,,,,,,,,,,,,,,,,,,,,,,,,,,,,,,,,,,,,,,,,,,,,,
,,10:45:50,9:31:24,12:35:24,10:00:02,8:41:23,10:13:16,10:08:53,8:14:24,10:25:25,11:34:18,6:30:22,13:09:43,Lagtime [Read 2:Lum],,,,,,,,,,,,,,,,,,,,,,,,,,,,,,,,,,,,,,,,,,,,,,,,,,,,,,,,,,,,,,,,,,,,,,,,,,,,,,,,,,,,
,H,-0.004,0.004,-0.007,0.003,0.004,-0.004,-0.008,-0.004,0.004,0.01,-0.006,0.005,Max V [Read 1:600],,,,,,,,,,,,,,,,,,,,,,,,,,,,,,,,,,,,,,,,,,,,,,,,,,,,,,,,,,,,,,,,,,,,,,,,,,,,,,,,,,,,
,,0.766,0.55,0.971,0.696,0.9,0.671,0.87,0.812,0.703,0.597,0.633,0.7,R-Squared [Read 1:600],,,,,,,,,,,,,,,,,,,,,,,,,,,,,,,,,,,,,,,,,,,,,,,,,,,,,,,,,,,,,,,,,,,,,,,,,,,,,,,,,,,,
,,6:00:09,12:30:09,22:00:09,14:00:09,8:00:09,22:00:09,1:00:09,1:00:09,19:30:09,1:00:09,1:00:09,1:30:09,t at Max V [Read 1:600],,,,,,,,,,,,,,,,,,,,,,,,,,,,,,,,,,,,,,,,,,,,,,,,,,,,,,,,,,,,,,,,,,,,,,,,,,,,,,,,,,,,
,,4:40:09,11:35:36,21:09:09,13:00:09,8:50:09,20:18:37,?????,?????,21:08:20,?????,?????,2:34:26,Lagtime [Read 1:600],,,,,,,,,,,,,,,,,,,,,,,,,,,,,,,,,,,,,,,,,,,,,,,,,,,,,,,,,,,,,,,,,,,,,,,,,,,,,,,,,,,,
,,16.667,16.667,33.333,43.333,33.333,66.667,73.333,56.667,83.333,63.333,86.667,36.667,Max V [Read 2:Lum],,,,,,,,,,,,,,,,,,,,,,,,,,,,,,,,,,,,,,,,,,,,,,,,,,,,,,,,,,,,,,,,,,,,,,,,,,,,,,,,,,,,
,,0.625,0.781,0.893,0.983,0.926,0.971,0.883,0.938,0.854,0.86,0.955,0.917,R-Squared [Read 2:Lum],,,,,,,,,,,,,,,,,,,,,,,,,,,,,,,,,,,,,,,,,,,,,,,,,,,,,,,,,,,,,,,,,,,,,,,,,,,,,,,,,,,,
,,12:30:50,10:00:50,21:30:50,12:00:50,19:00:50,12:30:50,12:30:50,18:30:50,20:30:50,19:30:50,20:00:50,20:30:50,t at Max V [Read 2:Lum],,,,,,,,,,,,,,,,,,,,,,,,,,,,,,,,,,,,,,,,,,,,,,,,,,,,,,,,,,,,,,,,,,,,,,,,,,,,,,,,,,,,
,,11:30:50,9:36:50,17:12:50,10:37:45,12:06:50,10:09:50,10:11:45,12:16:43,13:11:38,13:43:28,13:19:18,13:30:50,Lagtime [Read 2:Lum],,,,,,,,,,,,,,,,,,,,,,,,,,,,,,,,,,,,,,,,,,,,,,,,,,,,,,,,,,,,,,,,,,,,,,,,,,,,,,,,,,,,
